TIC ID,TOI,Priority,Dispo,P (days),dP,Epoch,Dur,RA (J2000),DEC (J2000),Tmag,Depth,R_E,dRe,R_s,dR_s,T_eff,logg,Met,M_s,D (pc),Sect,Rp/R*,a/R*,b,Insol,AB,T_eq,M_p,dM_p,LCO_rms,rms_err,Data,Notes,no_data
#141227133,617.01,3,NEB,2.422320,0.0002200,1518.700040,2.87,129.315412,-47.38354900,10.19,5697,9.000,,0.131,,2838,4.800,0,,6149.76,8,0.6303,29.45,0.00,3.1,0.5,311,,,-,-,FALSE,,TRUE
#47484268,226.01,5,NEB,-,,-,-,-,-,-,-,-,,0.334,,3396,-,0,,,2,-,-,0.00,-,,,,,-,-,FALSE,,TRUE
#108645766,497.01,5,NEB,-,,-,-,-,-,-,-,-,,0.302,,3333,-,0,,,7,-,-,0.00,-,,,,,-,-,FALSE,,TRUE
#438490744,529.01,5,NEB,-,,-,-,-,-,-,-,-,,0.172,,3021,-,0,,,6,-,-,0.00,-,,,,,-,-,FALSE,,TRUE
#431999925,513.01,5,NEB,-,,-,-,-,-,-,-,-,,0.269,,3266,-,0,,,7,-,-,0.00,-,,,,,-,-,FALSE,,TRUE
#1133072,566.01,5,NEB,-,,-,-,-,-,-,-,-,,0.325,,3380,-,0,,,8,-,-,0.00,-,,,,,-,-,FALSE,,TRUE
#53593457,543.01,5,NEB,-,,-,-,-,-,-,-,-,,0.193,,3085,-,0,,,6,-,-,0.00,-,,,,,-,-,FALSE,,TRUE
#82362447,639.01,5,NEB,-,,-,-,-,-,-,-,-,,1.300,,3601,-,0,,,8,-,-,0.00,-,,,,,-,-,FALSE,,TRUE
#302895996,531.01,5,NEB,-,,-,-,-,-,13.60,-,-,,0.368,,3462,-,0,,,6,-,-,0.00,-,,,,,0.0014366,0.0003212,TRUE,,TRUE
#44745077,436.01,5,NEB,-,,-,-,-,-,13.04,-,-,,0.381,,3487,-,0,,,5,-,-,0.00,-,,,,,0.0015638,0.0002681,TRUE,,TRUE
#146463781,636.01,5,NEB,-,,-,-,-,-,14.88,-,-,,0.275,,3278,-,0,,,8,-,-,0.00,-,,,,,0.0029571,0.0005588,TRUE,,TRUE
#77951245,450.01,5,SB2,10.714754,0.0001310,1443.168000,2.01,79.000494,-31.41270400,12.38,57046,12.650,1.500,0.422,0.013,3160,4.806,-0.16,0.416,53.51,6,0.2833,37.85,0.85,2.9,0.5,305,-,-,0.0007380,0.0001167,TRUE,Elisabeth Newton is interested in this system,TRUE
#5868998,749.01,3,BEB,0.635540,0.0000120,1569.933590,1.26,187.782200,-23.77350000,13.59,48322,15.179,2.100,0.442,0.069,3644,4.372,0,0.527,232.10,10,0.3146,3.42,0.93,626.3,0.5,1172,-,-,0.0016818,0.0002884,TRUE,,TRUE
#348755723,633.01,5,NPC,-,,-,-,-,-,13.87,-,-,,0.567,,3267,-,0,,,8,-,-,0.00,-,,,,,,,TRUE,,TRUE
#432008938,643.01,5,NEB,9.653456,,1522.349321,4.01,120.693500,-23.69590000,13.68,43089,7.282,,0.315,,3359,4.935,0,,,8,0.2121,41.24,0.00,3.1,,,,,-,-,FALSE,,TRUE
#,1285.01,5,NEB,,,,,,,,,,,,,,,,,,,,,,,,,,,,,FALSE,,TRUE
#,1289.01,5,NEB,,,,,,,,,,,,,,,,,,,,,,,,,,,,,FALSE,,TRUE
#267561446,1284.01,1,NEB,1.284142,0.0003060,1711.809590,1.86,311.513252,56.86633900,12.53,1910,2.469,1.985,0.560,0.017,3855,5.000,0,,110.25,15,0.0404,7.32,0.00,170.9,0.3,922,,,,,FALSE,,TRUE
#119081096,716.01,5,NEB,0.837070,0.0002900,1518.109910,2.50,136.238500,-18.50250000,12.38,2746,2.988,,0.520,,3776,4.720,0,,145.30,8,0.0527,5.78,0.00,252.0,0.3,1015,,,-,-,FALSE,,TRUE
#318746829,1540.01,1,NEB,5.231210,0.0032600,1769.3971,3.83,349.718637,56.00861300,10.42,3044,,,,,3593,,,,,17,,,,,,,,,,,FALSE,,TRUE
#133654092,975.01,3,EB,1.973530,0.0006500,1493.127100,2.17,121.185133,-41.55982500,10.39,1010,,,,,2828,4.803,,,4947.72,7,,,0.00,,0.3,,,,,,FALSE,,TRUE
#133654092,975.01,1,EB,1.973530,0.0006500,1493.127100,2.17,121.185133,-41.55982500,10.39,867,,,,,2828,,0,,4947.72,,,,0.00,,0.3,,,,,,FALSE,,TRUE
#271722899,920.01,3,EB,19.299800,0.0007600,1335.234110,3.17,110.312389,-73.45326200,11.04,1865,,,,,3818,,,,3540.18,4,,,0.00,,0.3,,,,,,FALSE,,TRUE
#271722899,920.01,1,EB,9.649900,0.0003800,1335.234110,3.17,110.312389,-73.45326200,11.04,1865,,,,,3818,,0,,3540.18,4,,,0.00,,0.3,,,,,,FALSE,,TRUE
#32830028,549.01,5,EB,0.516278,,1468.344415,0.57,86.752200,-24.84220000,14.31,20289,2.440,,0.169,,3009,5.110,0,,,6,0.1325,8.87,0.00,43.2,,,,,-,-,FALSE,,TRUE
#327017634,1202.01,5,EB,,,,,,,,,,,,,,,,,,,,,,,,,,,,,FALSE,,TRUE
#52280468,472.01,5,BEB,-,,-,-,-,-,-,-,-,,-,,3294,-,0,,,6,-,-,0.00,-,,,,,-,-,FALSE,,TRUE
#403693875,528.01,5,NPC,3.524465,,1469.705671,3.10,105.006200,11.04350000,13.33,21823,9.046,,0.613,,3965,4.686,0,,,6,0.1354,13.52,0.00,56.1,,,,,-,-,FALSE,,TRUE
#244161191,278.01,5,O,-,,-,-,-,-,-,-,-,,0.154,,2955,-,0,,,3,-,-,0.00,-,,,,,-,-,FALSE,,TRUE
#275248683,717.01,5,PNEB,0.530790,,1518.266170,1.24,147.970700,2.11640000,11.40,1113,2.000,,0.540,,3788,4.870,0,,,8,0.0340,4.16,0.00,492.8,,,,,-,-,FALSE,,TRUE
#318937509,516.01,2,SB2,1.048630,0.0000730,1492.649974,1.06,112.381500,2.84810000,14.15,34645,4.184,,0.202,,3109,5.066,0,,149.20,7,0.1900,12.63,0.00,24.3,0.3,566,,,-,-,FALSE,,TRUE
#70797900,224.01,5,SB2,31.579900,0.0000196,1176.364160,1.88,1.977400,-29.97900000,10.95,100000,14.000,2.000,0.487,0.074,3689,4.781,-1,0.522,64.77,2,0.2637,67.98,0.72,1.7,0.5,266,-,-,-,-,FALSE,Crossfield AC Target,TRUE
#43064903,1276.01,5,FA,6.264298,0.0025240,1712.548761,2.39,302.667462,40.66899800,12.54,9098,2.338,0.278,0.211,0.006,3145,,,,24.52,15,0.1015,40.35,0.00,2.5,0.3,320,,,,,FALSE,,TRUE
#420112587,1760.01,1,NPC,11.062666,0.0004900,1691.531496,2.08,290.173872,73.196346,12.50,4958,2.644,4.093,0.255,0.008,3212,4.893,0,,,"14,15,16,17,19",0.0953,52.06,0.00,1.6,0.3,288,,,,,FALSE,,TRUE
#387527558,1646.01,1,FA,3.623909,0.0027480,1794.1033560,2.66,312.326644,70.7963540,13.04,26980,6.935,0.469,0.414,0.012,3514,4.954,0,,,19,0.1536,17.88,0.00,19.8,0.3,537,,,,,FALSE,,TRUE
#409459226,973.01,3,NEB,1.279970,0.0004100,1491.828390,2.43,109.950318,-11.94268800,10.43,790,,,,,2889,,,,4153.03,7,,,0.00,,0.3,,,,,,FALSE,,TRUE
#101955023,667.01,5,KP,,,,,,,,,,,,,,,0,,,9,,,0.00,,,,,,-,-,FALSE,GJ 1132b,TRUE
#192826603,551.01,5,KP,2.647401,,1438.080870,1.07,82.714381,-36.63079700,13.86,21352,9.442,,0.570,,3916,4.719,0,,,5,0.1520,11.72,0.00,71.0,,,,,-,-,FALSE,NGTS-1b,TRUE
#33521996,468.01,5,KP,3.325285,,1469.311680,2.00,88.146797,-19.03165400,13.29,36142,10.983,,0.570,,3724,4.683,0,,,6,0.1768,13.65,0.00,42.8,,,,,-,-,FALSE,HATS-6,TRUE
#92226327.01,256.01,5,KP,24.736959,,1389.285282,1.96,11.247108,-15.27129400,11.24,4089,1.727,,0.232,,3182,5.028,0,,,3,0.0683,94.70,0.00,0.5,,,,,-,-,FALSE,LHS-1140b,TRUE
#92226327.02,256.02,5,KP,3.777931,,1389.293276,1.03,11.247108,-15.27129400,11.24,3335,1.282,,0.232,,3182,5.028,0,,,3,0.0507,27.06,0.00,5.8,,,,,-,-,FALSE,LHS-1140c,TRUE
#67646988,1779.01,5,KP,,,,,,,,,,,,,,,,,,,,,,,,,,,,,FALSE,,
#,1796.01,5,KP,,,,,,,,,,,,,,,,,,,,,,,,,,,,,FALSE,,
413248763,562.01,5,P,3.930623,0.0000900,1517.999665,1.53,144.006800,-21.66080000,8.74,1164,1.166,0.065,0.337,,3505,4.940,-0.12,0.342,9.44,8,0.0317,21.81,0.41,13.1,0.3,531,1.63,0.30,0.0021485,0.0004214,FALSE,"Gl 357b, second non-transiting planet in system, Luque et al 2019",TRUE
98796344,455.01,5,VP,5.358760,0.0001200,1412.708786,1.36,45.464200,-16.59340000,8.64,2498,1.350,0.001,0.271,,3340,4.974,0,0.260,6.90,4,0.0458,30.30,0.27,5.6,0.3,428,2.2,2.0,-,-,FALSE,"LTT 1445 Ab, Winters et al 2019",TRUE
200322593,540.01,3,VP,1.239133,0.0000180,1468.824507,0.54,76.310149,-47.93762900,11.48,2255,4.758,,0.179,,3042,4.438,0,,14.00,6,0.2444,15.32,0.00,15.1,0.3,503,,,-,-,FALSE,Ment et al (in prep),TRUE
120916706,263.01,5,P,0.556737,0.0000730,1386.172349,0.85,37.108272,-25.09733000,15.85,63679,5.225,,0.205,,3116,5.060,0,,273.00,3,0.2338,8.20,0.00,58.2,0.3,704,,,-,-,FALSE,Parviainen+ 2019,TRUE
234523599,127.01,5,P,3.795610,0.0001900,1325.650197,2.04,15.551099,-61.75600100,14.10,55371,23.751,,0.500,,3424,4.438,0,,140.00,1,0.4358,16.27,0.00,21.5,0.5,505,,,-,-,FALSE,"HATS-71b, Bakos 2019",TRUE
259377017.01,270.01,1,P,5.660456,0.0000680,1389.502678,1.67,68.415442,-51.95616900,10.42,3810,2.578,,0.415,,3551,4.840,0,,22.50,3,0.0570,24.04,0.00,11.4,0.3,468,,,-,-,FALSE,Guenther et al 2019 (masses - Van Eylen et al 2019),TRUE
259377017.02,270.02,1,P,11.380259,0.0002420,1389.678659,2.14,68.415442,-51.95616900,10.42,3206,2.363,,0.415,,3551,4.840,0,,22.50,3,0.0522,38.30,0.00,4.5,0.3,371,,,-,-,FALSE,Guenther et al 2019 (masses - Van Eylen et al 2019),TRUE
259377017.03,270.03,1,P,3.360160,0.0001210,1387.092173,1.37,68.415442,-51.95616900,10.42,1035,1.373,,0.415,,3551,4.840,0,,22.50,3,0.0303,16.98,0.00,22.9,0.3,557,,,-,-,FALSE,Guenther et al 2019 (masses - Van Eylen et al 2019),TRUE
36724087.01,732.01,4,P,0.768389,0.0000300,1543.911480,0.82,154.646400,-11.71670000,10.53,1253,1.134,,0.300,,3329,4.950,0,,30.80,9,0.0347,7.88,0.00,81.9,0.3,767,,,-,-,FALSE,"LTT-3780 Clouteier+ 2020, Palle+ 2020",TRUE
36724087.02,732.02,1,P,12.252090,0.0005000,1546.848329,1.36,154.646400,-11.71670000,10.53,3417,1.785,,0.300,,3329,4.950,0,,30.80,9,0.0546,49.95,0.00,2.0,0.3,305,,,-,-,FALSE,"LTT-3780 Clouteier+ 2020, Palle+ 2020",TRUE
260004324,704.01,5,P,3.814330,0.0000300,1327.418439,1.47,91.084800,-55.31300000,10.09,476,1.088,0.064,0.501,0.030,3625,4.783,0,0.502,29.87,5,0.0199,16.30,0.00,27.0,0.3,581,,,-,-,FALSE,Gan et al 2020,TRUE
234994474,134.01,5,P,1.401500,0.0001800,1326.033176,1.26,350.031300,-60.06520000,9.17,566,1.390,0.090,0.600,0.022,3800,4.040,0.04,0.620,25.15,1,0.0213,7.41,0.00,157.3,,,,,-,-,FALSE,"GJ 4332b, Astudillo-Defru et al 2019",TRUE
34068865,731.01,1,CPC-,0.321921,0.0000190,1543.492309,0.63,146.124300,-45.77650000,8.01,242,0.746,,0.459,,3518,4.825,0,,9.40,9,0.0149,3.32,0.00,574.8,0.3,1248,,,-,-,FALSE,"Gl 367b, Lam & Gandolfi 2019 (in prep)",TRUE
103633434,1235.01,1,P,3.444650,0.0008440,1683.620171,2.17,152.215862,69.27654600,9.92,804,2.142,0.190,0.630,0.019,3912,5.000,0,,39.63,14,0.0312,13.08,0.00,56.8,0.3,700,,,,,FALSE,"Bluhm+ 2020, Cloutier+ 2020",TRUE
243185500,1468.01,1,P,7.766238,0.0026940,1766.928147,1.76,16.654062,19.22587800,10.89,3430,2.333,0.274,0.369,0.011,3382,5.000,0,,,17,,,,,0.3,,,,,,FALSE,Chaturvedi+ (in prep),TRUE
243185500,1468.02,1,P,1.880492,0.0012070,1765.678776,1.06,16.654062,19.22587800,10.89,1530,1.500,0.500,0.369,0.011,3382,5.000,0,,,17,,,,,0.3,,,,,,FALSE,Chaturvedi+ (in prep),TRUE
370133522,1078.01,1,P,0.518224,0.0000250,1654.105559,0.72,306.925400,-56.45730000,10.28,848,1.135,1.071,0.383,0.017,3325,4.887,0,,22.40,13,0.0272,5.15,0.00,191.0,0.3,947,,,,,FALSE,GJ 1252b Shporer+ (in prep),TRUE
150428135.01,700.01,4,P,16.051040,0.0002250,1340.087963,1.25,97.096855,-65.57930600,10.88,2704,5.467,,0.378,,3482,4.438,0,,31.10,"9,8,7,6,5,4,3,1",0.1327,51.26,0.00,2.3,0.3,315,,,-,-,FALSE,Gilbert et al (in prep),TRUE
150428135.02,700.02,1,P,37.424812,0.0026220,1330.474463,3.28,97.096855,-65.57930600,10.88,721,2.685,,0.378,,3482,4.438,0,,31.10,"9,8,7,6,5,4,3,1",0.0652,90.13,0.00,0.8,0.3,237,,,-,-,FALSE,Gilbert et al (in prep),TRUE
150428135.03,700.03,1,P,9.977386,0.0002630,1331.359240,1.97,97.096855,-65.57930600,10.88,598,2.452,,0.378,,3482,4.438,0,,31.10,"9,8,7,6,5,4,3,1",0.0595,37.34,0.00,4.4,0.3,369,,,,,FALSE,Gilbert et al (in prep),TRUE
77156829.01,696.01,1,P,0.860233,0.0000150,1411.473809,0.55,68.177600,-39.78670000,10.51,641,1.071,,0.361,,3450,4.890,0,,39.40,5,0.0272,7.51,0.00,104.1,0.3,814,,,-,-,FALSE,Silverstein+ (in prep),TRUE
77156829.02,696.02,1,P,3.694260,0.0005000,1414.759370,1.42,68.177600,-39.78670000,10.51,1050,1.176,,0.361,,3450,4.890,0,,39.40,5,0.0299,19.85,0.00,14.9,0.3,501,,,-,-,FALSE,Silverstein+ (in prep),TRUE
467179528,1266.01,1,P,10.894771,0.0023760,1691.004583,2.06,197.998168,65.83380700,11.04,3189,2.486,0.656,0.436,0.013,3618,4.954,0,0.431,36.01,14,0.0524,36.01,0.00,5.5,0.3,390,,,,,FALSE,Validation Paper Underway,TRUE
467179528,1266.02,1,P,18.795450,0.0025520,1689.964649,1.93,197.998168,65.83380700,11.04,1444,1.675,1.675,0.436,0.013,3618,5.000,0,,,"14, 15",0.0353,51.80,0.00,2.6,,,,,,,FALSE,Validation Paper Underway,TRUE
390651552,1827.01,1,VP,1.466969,0.000052,1928.225191,1.007329,191.985937,9.751398,8.822000,1599.527990,1.333326,0.514441,0.331472,0.009831,3297.000000,,,,,23,,,,,,,,,,,FALSE,Palle+ in prep,
218795833,519.01,5,VPC+,1.265223,0.0000360,1491.877254,1.24,124.607000,-19.66290000,14.53,139604,9.497,,0.251,,3225,5.005,0,,114.90,7,0.3471,12.38,0.00,29.3,0.5,545,,,-,-,FALSE,WASP-124,TRUE
206609630,212.01,5,PPC,0.335269,0.0000010,1325.491317,0.71,22.550065,-59.58324500,12.30,18458,5.506,,0.230,,3165,5.000,0,,122.00,1,0.2196,5.41,0.00,142.0,0.3,880,,,-,-,FALSE,,TRUE
296739893,620.01,1,VPC+,5.098954,0.0001000,1518.006117,1.17,142.173300,-12.16550000,10.10,3394,2.730,,0.458,,3633,4.804,0,,41.70,8,0.0547,21.00,0.00,16.4,0.3,513,,,-,-,FALSE,,TRUE
32090583,218.01,5,VPC+,0.438374,0.0000100,1325.550345,0.75,58.420270,-68.73953200,13.55,2190,5.520,,0.564,,3847,4.438,0,,52.20,1,0.0899,3.56,0.00,715.8,0.3,1318,,,-,-,FALSE,,TRUE
158588995,674.01,5,VPC+,1.977238,0.0000440,1544.523796,1.02,164.587400,-36.85810000,11.76,14082,4.431,,0.371,,3467,4.879,0,,45.97,9,0.1096,12.85,0.00,36.3,0.3,626,,,-,-,FALSE,,TRUE
262530407,177.01,5,VPC+,2.853047,0.0001940,1356.153000,1.26,20.439100,-46.71440000,9.44,1590,2.175,0.401,0.516,,3868,4.771,0,,22.40,2,0.0387,13.17,0.54,53.5,0.3,689,-,-,0.0005331,0.0002176,FALSE,,TRUE
55650590,206.01,5,VPC,0.736232,0.0000080,1325.542781,0.51,73.737190,-62.52236900,12.47,1537,4.240,,0.367,,3462,4.438,0,,47.60,1,0.1059,6.69,0.00,133.0,0.3,866,,,-,-,FALSE,,TRUE
73649615,756.01,4,VPC+,1.239380,0.0001000,1570.645382,0.97,192.105100,-45.47060000,12.40,3400,2.631,,0.448,,3614,4.813,0,,118.20,10,0.0539,8.30,0.00,102.7,0.3,811,,,-,-,FALSE,,TRUE
12423815,234.01,4,VPC+,2.839249,0.0001000,1356.088115,1.48,2.568707,-26.28240000,14.57,37162,20.670,,0.540,,3642,4.438,0,,246.60,2,0.3512,12.73,0.00,45.0,0.5,607,,,-,-,FALSE,,TRUE
29960110,1201.01,4,VPC+,2.491115,0.0003230,1411.672370,1.36,42.247000,-14.53760000,10.71,2485,3.038,2.129,0.607,0.103,3948,4.690,0,,37.89,4,0.0459,10.80,1.00,86.5,0.3,777,-,-,-,-,FALSE,Ian Crossfield AC Target,TRUE
369327947,910.01,4,VPC,2.028957,0.0001990,1626.205460,0.70,290.226100,-82.55450000,10.27,1085,0.933,1.263,0.279,0.009,3194,4.967,0,,12.48,12,0.0307,,0.00,,0.3,,,,,,FALSE,,TRUE
44737596,552.01,3,VPC+,2.788632,0.0000890,1438.161305,1.81,60.949323,-25.40891400,13.79,25918,16.111,,0.579,,3654,4.438,0,,193.10,5,0.2553,12.01,0.00,51.2,0.5,627,,,-,-,FALSE,,TRUE
170849515,555.01,3,VPC+,1.941285,0.0002200,1438.148808,1.78,70.339800,-32.32030000,14.92,37132,10.832,,0.559,,3837,4.726,0,,438.60,5,0.1778,9.66,0.00,96.4,0.5,734,,,-,-,FALSE,,TRUE
144700903,532.01,3,VPC,2.326811,0.0002490,1470.576303,1.67,85.079900,11.56290000,12.66,8583,5.611,,0.590,,3946,4.690,0,,175.10,6,0.0873,10.51,0.00,91.0,0.3,787,,,-,-,FALSE,,TRUE
27649847,521.01,2,VPC+,1.542829,0.0000500,1492.752769,1.11,123.343800,12.22170000,12.43,2384,1.449,,0.268,,3439,4.975,0,,93.10,7,0.0496,13.53,0.81,31.7,0.3,605,,,-,-,FALSE,,TRUE
38460940,805.01,2,VPC,4.117797,0.0000600,1328.556583,1.44,61.133133,-62.98722500,13.16,2498,6.232,,0.281,0.009,3376,4.438,0,0.255,51.88,8,0.2034,25.21,0.00,8.5,0.3,435,,,-,-,FALSE,,TRUE
300710077,789.01,2,VPC,5.446989,0.0001210,1329.114696,1.58,115.268500,-71.30440000,11.92,928,1.152,,0.373,,3471,4.877,0,,78.80,9,0.0283,25.16,0.00,9.5,0.3,448,,,-,-,FALSE,,TRUE
277634430,771.01,3,VPC,2.326014,0.0000500,1570.093460,1.18,164.113188,-72.98484800,12.07,3392,6.653,,0.242,0.007,3231,4.438,0,0.212,25.28,10,0.2524,19.05,0.00,12.5,0.3,479,,,-,-,FALSE,,TRUE
35009898,654.01,1,VPC+,1.527586,0.0000500,1543.435847,1.21,164.724200,-5.54640000,12.17,2889,1.908,,0.353,,3433,4.897,0,,81.60,9,0.0496,11.18,0.00,46.1,0.3,664,,,-,-,FALSE,,TRUE
9804616,460.01,1,VPC,0.516829,0.0000070,1411.065871,0.94,47.643100,-9.27680000,14.12,33191,6.598,,0.273,,3274,4.979,0,,211.00,4,0.2217,6.45,0.00,114.7,0.3,834,,,-,-,FALSE,Crossfield AC Target,TRUE
396562848,1640.01,1,VPC,1.949514,0.0001460,1792.604851,0.69,44.326080,76.553125,11.05,2697,1.365,1.048,0.260,0.008,3414,5.000,0,,,18,,,,,,,,,,,FALSE,,TRUE
396720998,709.01,1,VPC,32.379584,0.0011560,1392.818675,4.15,65.655287,-54.14718600,14.22,59616,3.921,,0.147,0.111,4910,4.771,-1.9,0.500,1350.00,5,0.2447,153.60,0.00,1.0,0.3,256,-,-,-,-,FALSE,,TRUE
259168516,1680.01,1,VPC,4.802445,0.0003070,1687.264487,1.06,292.313381,65.974367,13.31,5067,1.532,1.122,0.213,0.006,3231,4.954,0,,,"14,15,16",0.0658,33.56,0.00,4.0,0.3,361,,,,,FALSE,,TRUE
360156606,1227.01,1,VPC,27.363526,0.0014000,1617.478270,4.14,186.768030,-72.45179000,13.76,27234,16.516,1.603,0.500,0.500,3050,4.438,0,,100.64,"12,11",0.3030,60.71,1.00,1.0,0.3,253,-,-,-,-,FALSE,,TRUE
89256802,457.01,1,VPC-,1.175976,0.0000300,1411.560890,0.98,58.724900,-26.42370000,13.80,15115,2.805,,0.183,,3054,5.090,0,,120.60,4,0.1406,14.56,0.00,17.0,0.3,518,,,-,-,FALSE,,TRUE
260708537,486.01,1,VPC,1.744587,0.0000710,1326.994371,1.25,98.458200,-58.52850000,9.34,192,0.605,,0.427,,3445,4.852,0,,22.70,1,0.0130,10.76,0.42,50.4,0.3,679,,,-,-,FALSE,Crossfield AC Target,TRUE
470381900,1696.01,1,VPC,2.500353,0.0005110,1816.697706,0.98,65.280563,48.819914,13.97,11012,2.969,1.348,0.280,0.009,3181,4.954,0,,,19,0.0971,18.11,0.00,13.0,0.3,484,,,,,FALSE,,TRUE
398733009,464.01,1,VPC,0.818605,0.0000100,1411.561846,0.94,32.169760,-9.04604800,15.72,54404,4.470,,0.180,,8964,5.600,0,,2600.00,4,0.2278,11.56,0.00,2003.7,0.3,1705,,,-,-,FALSE,,TRUE
285048486,1728.01,1,VPC+,3.491567,0.0001410,1843.274889,1.89,120.610626,64.796925,10.79,5520,4.699,0.362,0.633,0.019,3907,4.954,0,,,20,0.0681,13.15,0.00,55.9,0.3,697,,,,,FALSE,,TRUE
353475866,1693.01,1,VPC,1.766671,0.0002950,1817.683149,1.02,90.308465,34.773167,10.67,1006,1.479,2.184,0.461,0.014,3474,5.000,0,,,19,,,,,,,,,,,FALSE,,TRUE
406941612,912.01,1,VPC,4.679100,0.0006840,1628.403947,1.79,229.340400,-80.47290000,10.37,2039,2.221,0.375,0.427,0.013,3482,4.835,0,0.421,26.11,12,0.0478,20.79,0.00,14.1,0.3,494,,,,,FALSE,,TRUE
235683377,1442.01,1,VPC,0.409056,0.0000110,1683.45301,0.68,287.290805,74.17228400,12.49,1271,1.109,1.418,0.309,0.009,3328,5.000,0,,,"14, 15, 16",,,,,,,,,,,FALSE,,TRUE
201186294,1634.01,1,VPC-,0.989330,0.0001060,1791.515001,1.04,56.390169,37.112222,11.01,1520,1.830,1.730,0.465,0.014,3455,5.000,0,,,18,,,,,,,,,,,FALSE,,TRUE
118327550,244.01,1,VPC,7.397229,0.0002000,1357.365444,1.15,10.570615,-36.71813800,10.32,1012,3.400,,0.562,,3844,4.438,0,,22.00,2,0.0555,23.47,0.00,16.4,0.3,513,,,-,-,FALSE,,TRUE
141608198,210.01,5,VPC+,9.010138,0.0002890,1329.821358,1.87,88.960448,-73.98465900,12.51,4415,7.051,,0.602,,3937,4.438,0,,42.70,1,0.1075,25.58,0.00,15.2,0.5,463,,,-,-,FALSE,,TRUE
387690507,530.01,3,VPC+,6.388488,0.0011230,1470.200137,2.51,103.412800,12.88180000,13.45,27556,8.128,,0.486,,3688,4.782,0,,204.40,6,0.1534,23.46,0.00,13.9,0.5,453,,,-,-,FALSE,,TRUE
219229644,870.01,4,VPC+,22.037531,0.0003000,1390.801328,2.16,63.318600,-50.94450000,10.88,1283,2.142,2.110,0.611,0.018,3782,4.697,0,0.597,53.80,5,0.0322,45.97,0.00,4.0,0.3,361,,,-,-,FALSE,,TRUE
425934411,142.01,5,VPC+,0.853319,0.0012070,1325.489793,1.14,4.605790,-62.84788600,14.67,27850,21.800,,0.700,,3658,4.438,0,,,1,0.2857,4.81,0.00,321.5,0.3,,,,-,-,FALSE,,TRUE
163539739,1278.01,1,VPC,14.476217,0.0021930,1711.959772,1.56,320.478919,35.64882700,11.78,10350,9.281,19.493,0.550,0.016,3841,5.000,0,,75.58,15,0.1547,37.25,0.00,6.5,0.3,407,,,,,FALSE,,TRUE
151825527,672.01,3,VPC+,3.633618,0.0012070,1546.479924,1.79,167.990400,-39.32780000,11.56,9034,5.033,,0.525,,4105,4.752,0,,,9,0.0880,15.30,0.00,50.3,0.3,,,,-,-,FALSE,,TRUE
439456714,277.01,1,VPC+,3.994244,0.0012070,1389.029170,2.04,19.077200,-20.95220000,11.68,5784,4.323,,0.517,,4107,4.757,0,,,3,0.0767,16.46,0.00,43.6,0.3,,,,-,-,FALSE,Crossfield AC Target,TRUE
44647437,435.01,1,VPC+,3.353023,0.0012070,1411.843915,1.96,59.410460,-25.18996200,12.83,3743,6.053,,0.618,,3978,4.438,0,,,5,0.0899,13.00,0.00,61.4,0.3,,,,-,-,FALSE,,TRUE
141527579,698.01,1,VPC,15.086650,0.0070700,1328.944396,2.18,87.736100,-76.62030000,12.34,2005,1.959,,0.425,,3570,4.832,0,,111.00,5,0.0423,45.49,0.00,3.3,0.3,342,,,-,-,FALSE,,TRUE
415969908,233.01,1,VPC,11.669804,0.0003000,1365.263100,2.01,343.709965,-18.91185800,11.26,2699,2.570,,0.464,,3644,4.799,0,,71.70,2,0.0508,36.15,0.69,5.6,0.3,392,,,-,-,FALSE,,TRUE
452866790,488.01,1,VPC,1.198005,0.0001920,1492.202188,1.06,120.595300,3.33880000,11.13,1051,1.162,,0.347,,3332,4.915,0,,40.70,7,0.0307,9.62,0.00,55.2,0.3,695,,,-,-,FALSE,,TRUE
452866790,488.11,1,VPC,,,,,120.595300,3.33880000,11.13,,,,0.347,,3332,4.915,0,,40.70,7,,,,,,,,,,,FALSE,,TRUE
54962195.01,663.01,1,VPC+,2.598907,0.0000500,1544.390641,1.62,160.066500,-8.51070000,11.67,1911,2.224,,0.502,,3719,4.769,0,,92.70,9,0.0406,12.60,0.00,49.9,0.3,678,,,-,-,FALSE,,TRUE
54962195.02,663.02,5,VPC+,4.695703,0.0001000,1543.394099,1.84,160.066500,-8.51070000,11.67,2101,2.328,,0.502,,3719,4.769,0,,92.70,9,0.0426,18.70,0.00,22.7,0.3,556,,,-,-,FALSE,,TRUE
55488511,557.01,1,PC,3.345431,0.0015910,1439.541685,0.99,59.017200,-10.27200000,11.63,1625,2.400,,0.580,,4081,4.710,0,,,5,0.0380,13.55,0.00,62.7,,,,,-,-,FALSE,,TRUE
237920046,873.01,2,PPC,5.931348,0.0004230,1326.217236,2.42,56.734300,-63.33730000,12.06,1091,1.803,1.852,0.540,0.079,3797,4.740,0,,118.30,4,0.0306,20.81,0.00,19.9,0.3,538,,,-,-,FALSE,,TRUE
12421862,198.01,1,PPC,20.427265,0.0033120,1356.375417,2.18,2.268200,-27.12210000,9.85,1208,1.562,,0.444,,3763,4.837,0,,41.70,2,0.0323,54.07,0.00,2.8,0.3,331,,,-,-,FALSE,,TRUE
200593988,526.01,1,PPC,7.699087,0.0033450,1470.849292,4.38,85.335400,11.19460000,12.27,8072,6.215,,0.450,,3617,4.811,0,,111.80,6,0.1267,27.96,0.00,9.1,0.5,407,,,-,-,FALSE,,TRUE
359271092,741.01,3,PC,7.576262,0.0001824,1544.087397,2.21,140.406700,-60.28200000,7.68,356,1.049,,0.528,,3766,4.760,0,,40.30,9,0.0182,24.87,0.00,13.5,0.3,488,,,-,-,FALSE,,TRUE
316937670,221.01,2,PC,0.624250,0.0000330,1325.342966,0.77,356.490400,-56.34470000,11.78,954,1.672,,0.500,,3900,4.752,0,,101.40,1,0.0307,4.88,0.00,402.4,0.3,1142,,,-,-,FALSE,,TRUE
149788158,727.01,2,PC,4.726090,0.0020000,1517.945180,1.71,130.736800,-2.49810000,11.41,1650,2.306,,0.520,,3746,4.760,0,,84.00,8,0.0407,18.34,0.00,24.3,0.3,566,,,-,-,FALSE,,TRUE
125405602,821.01,2,PC,13.813050,0.0040730,1606.784642,1.37,209.614700,-23.27650000,11.17,2557,2.806,,0.477,,3669,4.789,0,,70.50,11,0.0540,39.71,0.00,4.8,0.3,377,,,,,FALSE,,TRUE
359496368,1178.01,1,PC,2.665900,0.0019600,1685.178550,3.51,279.099635,55.39196510,10.14,589,1.343,1.042,0.500,0.020,4043,4.690,0,,36.72,14,0.0246,12.85,1.00,67.1,0.3,729,-,-,-,-,FALSE,,TRUE
453260209,1215.01,1,PC,1.212615,0.0000480,1570.391508,0.88,146.879600,-77.29620000,9.59,253,0.879,0.992,0.518,0.077,3751,4.757,0,,,"12,11,10",0.0156,7.42,1.00,148.9,0.3,890,-,-,-,-,FALSE,,TRUE
29960109,393.01,1,PC,2.492210,0.0006100,1411.669420,1.61,42.249300,-14.53790000,10.72,1213,2.200,,0.570,,3823,4.720,0,,67.10,4,0.0354,11.26,0.00,69.9,0.3,737,,,-,-,FALSE,Crossfield AC Target,TRUE
374829238,785.01,1,PC,18.640884,0.0075910,1363.834447,32.15,88.337467,-65.63395300,11.47,692,3.307,,0.561,0.017,3783,4.438,0,0.555,65.56,9,0.0541,43.51,0.00,4.5,0.3,371,,,-,-,FALSE,,TRUE
362249359,833.01,1,VPC?,1.042241,0.0001550,1597.253274,1.24,145.646900,-62.47630000,10.10,576,1.438,,0.592,,3965,4.683,0,,54.40,11,0.0223,6.14,0.00,271.9,0.3,1035,,,-,-,FALSE,,TRUE
231728511,864.01,1,PC,0.520662,0.0000160,1411.154172,0.59,81.444281,-51.35703300,11.47,639,2.533,3.786,0.399,0.012,3460,4.438,0,0.390,38.09,5,0.0583,5.03,0.00,234.7,0.3,998,,,-,-,FALSE,,TRUE
210873792,900.01,1,PC,4.844050,0.0027840,1626.506628,4.63,245.905600,-31.37310000,12.04,1634,2.338,0.966,0.570,0.099,3861,4.718,0,,121.04,12,0.0376,17.54,0.00,30.0,0.3,,,,,,FALSE,,TRUE
261257684,904.01,1,PC,18.351895,0.0054140,1630.350649,4.57,89.372435,-83.13017700,10.82,1695,2.625,0.955,0.641,0.067,3992,5.000,0,,46.09,12,0.0376,39.41,0.00,6.8,0.3,,,,,,FALSE,,TRUE
229781583,1245.01,1,PC,4.825102,0.0011720,1684.535200,1.80,283.535647,69.63330100,12.18,2239,2.497,2.070,0.525,0.015,3692,5.000,0,,,14,0.0437,18.49,0.00,22.5,0.3,555,,,,,FALSE,,TRUE
90504905,1234.01,1,PC,2.264539,0.0010600,1685.613152,3.82,290.572370,26.31955500,13.80,15020,5.194,0.585,0.411,0.012,3443,5.000,0,,104.91,14,0.1158,13.13,0.00,33.8,0.3,615,,,,,FALSE,,TRUE
260128333,1243.01,1,CPC,4.663782,0.0133430,1436.209357,14.84,92.133210,-59.54111400,11.45,2512,18.004,2.619,3.093,0.385,5723,5.000,0,,399.02,"4,5,6,7,8,9,10,11,12",0.0534,5.54,0.00,1450.6,0.3,1573,,,,,FALSE,,TRUE
274762761,1256.01,1,PC,1.033244,0.0003240,1683.947476,3.80,301.347533,38.23080800,13.56,26112,4.088,8.412,0.156,0.005,2972,5.000,0,,,14,0.2401,14.84,0.00,14.7,0.3,499,,,,,FALSE,,TRUE
377293776,1450.01,1,PC,2.043923,0.0000870,1685.344739,0.89,286.853477,59.08593300,10.03,462,1.033,2.627,0.474,0.014,3407,5.000,0,,,"14, 15, 16",0.0200,11.16,,44.8,,,,,,,FALSE,,TRUE
427654774,1474.01,1,PC,5.222621,0.0014360,1765.042474,4.03,349.287339,70.19002100,14.14,22109,4.131,0.309,0.276,0.008,3453,5.000,0,,,17,0.1373,29.91,,6.6,,,,,,,FALSE,,TRUE
414870287,1499.01,1,PC,4.958980,0.0010700,1740.8589,1.83,336.872698,59.43380000,7.82,230,,,,,3295,5.000,0,,,"16, 17",#DIV/0!,#DIV/0!,,#DIV/0!,,,,,,,FALSE,,TRUE
284441182,1470.01,1,PC,2.527153,0.0005600,1766.468765,1.27,10.088709,61.21362600,11.48,1864,2.131,2.686,0.490,0.015,3624,5.000,0,,,,0.0399,12.57,,45.3,,,,,,,FALSE,,TRUE
290348382,1113.01,1,PC,6.440490,0.0011500,1658.787150,1.85,328.705971,-77.33675430,9.67,7268,4.000,1.000,0.500,0.500,3744,4.710,0,,23.89,13,0.0734,23.14,0.00,15.2,0.3,503,-,-,-,-,FALSE,bright nearby star,TRUE
240968774,1467.01,1,PC,5.973384,0.0014130,1766.983728,1.61,19.113929,49.23378000,10.60,1373,1.827,2.408,0.491,0.015,3834,5.000,0,,,17,0.0342,22.29,,18.0,,,,,,,FALSE,,TRUE
237751146,538.01,1,PPC,1.669965,0.0004250,1469.915423,2.73,104.331700,4.02900000,14.15,26095,5.984,,0.434,0.014,3352,4.796,0,0.429,133.21,6,0.1266,10.35,0.74,48.9,0.3,674,-,-,-,-,FALSE,,TRUE
431148743,1495.01,1,PC,2.628640,0.0002400,1738.93954,2.89,334.981359,53.66250800,8.71,635,,,,,3294,5.000,0,,,"16, 17",#DIV/0!,#DIV/0!,,#DIV/0!,,,,,,,FALSE,,TRUE
28900646,1685.01,1,VPC,0.669174,0.0000730,1816.225016,0.91,68.593730,43.037414,11.11,998,1.469,2.623,0.462,0.014,3457,5.000,0,,,19,0.0291,5.39,,204.0,,,,,,,FALSE,,TRUE
422756130,1695.01,1,PC,3.131463,0.0006290,1816.598975,0.93,21.920719,72.296441,11.03,1338,2.086,0.886,0.516,0.015,3575,5.000,0,,,19,0.0371,14.01,,34.5,,,,,,,FALSE,,TRUE
470987100,1732.01,1,PC,4.121356,0.0008130,1843.294736,2.01,111.801499,53.045087,11.33,1546,2.539,1.549,0.633,0.019,3876,4.954,0,,,20,0.0368,14.69,0.00,43.4,0.3,654,,,,,FALSE,,TRUE
232650365,1746.01,1,PC,2.525267,0.0000560,1684.786413,0.87,281.767703,54.910374,11.96,1425,1.563,3.370,0.410,0.015,3340,5.000,0,,,"14,15,16,19",0.0349,14.14,0.00,25.8,0.3,574,,,,,FALSE,,TRUE
364074068,1756.01,1,PC,2.783510,0.0002630,1764.846661,1.81,306.329027,77.636188,12.09,1080,2.138,0.314,0.563,0.017,3756,5.000,0,,,"17,18,19",0.0349,12.23,0.00,55.2,0.3,695,,,,,FALSE,,TRUE
332477926,1754.01,1,PPC,16.217297,0.0007400,1689.924201,3.43,265.594375,57.447824,11.72,1611,2.400,0.873,0.593,0.018,3849,5.000,0,,,"14,15,16,17,18,19",0.0371,38.22,0.00,6.2,0.3,403,,,,,FALSE,,TRUE
287139872,1752.01,1,PPC,0.935143,0.0000170,1683.595243,0.83,253.462993,60.709081,12.75,1203,1.841,2.979,0.527,0.016,3652,5.000,0,,,"14,15,16,17,18,19",0.0321,6.17,0.00,193.6,0.3,951,,,,,FALSE,,TRUE
233602827,1749.01,1,PC,4.489235,0.0001310,1685.935806,1.88,282.737771,64.4192,12.26,1384,2.106,1.764,0.561,0.017,3959,5.000,0,,,"14,15,16,17,18,19",0.0344,16.84,0.00,35.9,0.3,624,,,,,FALSE,,TRUE
153951307,1238.01,1,PC,3.293706,0.0008880,1684.294646,1.93,201.382398,68.83626600,11.26,1313,2.642,0.287,0.623,0.018,3853,5.000,0,,70.71,14,0.0389,12.78,0.00,56.0,0.3,697,,,,,FALSE,,TRUE
153951307,1238.02,1,PC,0.764601,0.0000640,1684.102793,1.02,201.382398,68.83626600,11.26,413,1.280,3.465,0.623,0.018,3853,5.000,0,,70.71,"14, 15",0.0188,4.83,0.00,392.4,0.3,1134,,,,,FALSE,,TRUE
318022259,1730.01,1,PC,6.222236,0.0011420,1844.381227,2.26,107.866429,48.330389,10.36,1847,2.299,1.144,0.532,0.016,3691,4.954,0,,,20,0.0396,21.69,0.00,16.4,0.3,513,,,,,FALSE,,TRUE
318022259,1730.02,1,PPC,2.155669,0.0004540,1844.579827,1.62,107.866429,48.330389,10.36,697,1.441,2.044,0.532,0.016,3691,4.954,0,,,20,0.0248,10.70,0.00,67.2,0.3,730,,,,,FALSE,,TRUE
219195044.01,714.01,2,CPC,4.323498,0.0001960,1412.838728,1.77,92.391749,-53.82347400,11.50,941,3.509,,0.473,0.014,3782,4.438,0,0.471,53.85,8,0.0680,18.41,0.00,25.0,0.3,570,,,-,-,FALSE,,TRUE
219195044.02,714.02,1,CPC,10.177426,0.0007610,1419.110330,2.18,92.391749,-53.82347400,11.50,903,3.215,,0.473,0.014,3782,4.438,0,0.471,53.85,8,0.0623,32.57,0.00,8.0,0.3,429,,,-,-,FALSE,,TRUE
271596225.01,797.01,1,VPC,1.800785,0.0000230,1326.819502,1.17,108.561700,-74.60250000,11.66,618,1.269,,0.495,,3704,4.774,0,,91.20,9,0.0235,9.96,0.00,78.7,0.3,759,,,-,-,FALSE,,TRUE
271596225.02,797.02,1,PC,4.140138,0.0000620,1327.412324,1.01,108.561700,-74.60250000,11.66,774,1.406,,0.495,,3704,4.774,0,,91.20,9,0.0261,17.35,0.00,25.9,0.3,575,,,-,-,FALSE,,TRUE
138762614,1802.01,1,PC,16.796111,0.0057960,1904.154502,3.50,164.254988,24.882426,11.13,1816,2.507,1.019,0.582,0.017,3859,,,,,22,0.0395,39.60,0.00,5.9,0.3,397,,,,,FALSE,,
233602827,1749.02,1,PC,9.046152,0.0003010,1688.77339,1.77,282.737771,64.4192,12.26,1993,2.502,2.208,0.561,0.017,3959,5.000,0,,,"14,15,16,17,18,19",0.0409,26.87,0.00,14.1,0.3,494,,,,,FALSE,,TRUE
299798795,1224.01,1,PC,4.178295,0.0000210,1327.702808,1.70,37.193400,-80.89920000,11.46,2914,1.941,0.612,0.357,0.058,3442,4.893,0,,37.33,"13,1",0.0499,21.71,0.00,12.4,0.3,478,-,-,-,-,FALSE,,TRUE
220459976,285.01,5,STPC,32.332528,0.0015910,1361.663925,3.46,74.697149,-56.39404900,12.11,2426,3.029,,0.660,,3891,4.640,0,,,2,0.0421,56.39,0.00,3.0,,,,,-,-,FALSE,,TRUE
219860288,1743.01,1,PC,4.265874,0.0000840,1713.431202,0.75,257.746405,71.871391,12.43,2478,1.604,1.932,0.320,0.009,3281,4.954,0,,,"15,16,17,18,19",0.0460,23.67,0.00,8.6,0.3,436,,,,,FALSE,,TRUE
441739871,1763.01,1,PPC,3.797940,0.0000970,1684.785022,1.09,259.564243,74.302886,12.81,2051,2.291,0.994,0.473,0.014,3520,4.954,0,,,"14,15,16,17,18,19",0.0444,16.89,0.00,22.3,0.3,554,,,,,FALSE,,TRUE
81212286,1724.01,1,PC,0.684593,0.0000990,1843.027821,1.06,127.033289,56.427562,12.51,2676,1.981,2.017,0.380,0.011,3541,4.954,0,,,20,0.0478,6.24,0.00,167.7,0.3,917,,,,,FALSE,,TRUE
198385543,1846.01,1,PC,3.927457,0.000936,1929.202175,1.50222,257.955422,54.526939,11.8467,2108.24875,1.898472,1.992109,0.411452,0.012125,3512.000000,,,,,23,0.0423,18.95,,17.6,,,,,,,,,
232635922,1745.01,1,PC,5.985568,0.0001700,1683.922079,1.57,281.137146,54.950111,12.80,2722,2.289,0.879,0.424,0.013,3759,4.954,0,,,"14,15,16,18,19",0.0495,24.58,0.00,13.7,0.3,490,,,,,FALSE,,TRUE
104208182,1738.01,1,PC,3.697386,0.0004100,1792.660607,1.42,54.501981,50.955486,12.49,2875,3.586,3.647,0.669,0.020,3948,4.954,0,,,"18,19",0.0492,13.16,0.00,58.2,0.3,704,,,,,FALSE,,TRUE
410153553,136.01,5,VP,0.462928,0.0000016,1325.725680,0.52,340.492100,-69.16900000,11.90,4681,1.320,0.020,0.189,0.006,3036,5.060,0,0.151,14.90,1,0.0640,7.11,0.22,69.8,0.3,805,-,-,0.0008963,0.0001911,TRUE,"LHS 3844b, Vanderspek et al 2018",FALSE
307210830.01,175.01,5,VP,3.690400,0.0003000,1367.275200,1.27,124.531900,-68.31300000,9.39,1830,1.350,0.070,0.314,0.001,3412,4.940,-0.5,0.312,10.62,2,0.0394,21.77,0.00,11.9,0.3,473,2.46,0.31,-,-,FALSE,"L 98-59c, Cloutier et al 2019",TRUE
307210830.02,175.02,5,VP,7.451200,0.0007000,1362.737600,0.84,124.531900,-68.31300000,9.39,1640,1.570,0.140,0.314,0.001,3412,4.940,-0.5,0.312,10.62,2,0.0459,34.78,0.85,4.6,0.3,374,2.26,0.50,0.000318,0.0000678,TRUE,"L 98-59d, Cloutier et al 2019",FALSE
307210830.03,175.03,5,VP,2.253100,0.0004000,1366.170800,1.02,124.531900,-68.31300000,9.39,571,0.800,0.050,0.314,0.001,3412,4.940,-0.5,0.312,10.62,2,0.0234,15.67,0.67,22.9,0.3,558,0.98,0.00,-,-,FALSE,"L 98-59b, Cloutier et al 2019",TRUE
181804752.01,736.01,5,VP,4.989777,0.0000500,1546.508850,1.21,165.691500,-16.40620000,13.51,17848,2.310,0.250,0.171,0.018,2960,5.115,-0.09,0.139,26.49,9,0.1238,34.48,0.28,2.7,0.3,370,-,-,0.0007272,0.0001818,TRUE,"LP 791-18c, Crossfield et al 2019",FALSE
181804752.02,736.02,5,VP,0.948005,0.0000058,1645.944380,0.61,165.691500,-16.40620000,13.51,4556,1.120,0.130,0.171,0.018,2960,5.115,-0.09,0.139,26.49,9,0.0604,11.11,0.54,25.8,0.3,650,-,-,0.0007272,0.0001818,TRUE,"LP 791-18b, Crossfield et al 2019",FALSE
181804752.03,736.31,5,VP,2.753433,0.0000400,1772.162260,0.89,165.691500,-16.40620000,13.51,4000,1.000,0.130,0.171,0.018,2960,5.115,-0.09,0.139,26.49,9,0.0500,24.00,0.30,5.5,0.3,650,-,-,0.0007272,0.0001818,TRUE,"LP 791-18d, Peterson+ 2020",FALSE
305048087,237.01,5,VP,5.436098,0.0000390,1355.249810,1.17,353.242700,-29.41510000,13.46,6531,1.440,0.120,0.211,0.016,3160,5.000,0,0.179,38.11,2,0.0581,34.00,0.30,3.6,0.3,351,-,-,0.0008824,0.0001667,TRUE,LEHPM 5926b,FALSE
231702397,122.01,5,VP,5.078030,0.0000150,1329.121000,1.16,332.947000,-58.94510000,13.05,5468,2.720,0.180,0.334,0.017,3360,4.900,0,0.312,62.12,1,0.0824,26.00,0.73,7.8,0.75,329,-,-,0.0005496,0.0000943,TRUE,LEHPM 4431b,FALSE
272086159,176.01,5,VPC,16.155373,0.0001030,1363.043700,1.61,115.003400,-72.20770000,13.40,61534,7.896,1.390,0.274,0.047,3276,4.978,-1.2,0.259,103.00,4,0.2640,76.74,0.79,0.8,0.5,222,-,-,0.000999,0.0001824,TRUE,,FALSE
348538431,507.01,4,VPC+,0.899455,0.0000160,1492.096537,1.20,121.629400,-15.76460000,13.24,56465,8.518,0.991,0.304,0.052,3338,4.947,-1.5,0.298,108.00,7,0.2567,5.43,0.79,174.5,0.5,852,-,-,0.0010103,0.0001559,TRUE,,FALSE
219189765,737.01,3,VPC,1.732017,0.0001440,1544.429149,1.64,171.015000,-19.55710000,14.79,58179,9.896,2.000,0.332,0.069,3394,4.919,0,0.333,250.47,9,0.2423,5.89,0.74,158.5,0.5,831,-,-,0.0029077,0.0004197,TRUE,,FALSE
146846569,734.01,3,VPC+,4.753571,0.0002000,1545.448757,1.12,160.891400,-44.62240000,15.00,350734,10.629,1.290,0.201,0.006,2868,5.062,0,0.170,,9,0.5761,46.70,0.77,1.3,0.5,250,-,-,0.0022966,0.0003631,TRUE,,FALSE
348755728,0.11,3,VPC,4.506230,0.0008690,1517.809802,1.97,134.089121,-12.93064800,13.30,12920,6.441,0.158,0.494,0.015,3477,4.743,0,0.492,115.37,8,0.1035,18.20,0.30,18.3,0.3,527,-,-,0.0008675,0.0001308,TRUE,This system is in a co-moving binary with TOI 633.01,FALSE
178709444,762.01,3,VPC,3.471635,0.0002470,1572.678818,1.37,166.075700,-47.82140000,13.50,43087,6.121,0.231,0.318,0.059,3365,4.915,0,0.314,130.00,10,0.1763,18.12,0.72,16.2,0.3,511,-,-,0.0010043,0.0001722,TRUE,,FALSE
220479565,269.01,3,VPC,3.697675,0.0000490,1411.429201,0.86,75.846109,-54.17719400,12.27,4963,2.900,0.174,0.342,0.021,3607,4.438,-1.24,0.367,58.86,4,0.0590,28.27,0.26,8.8,0.3,439,-,-,0.0003532,0.000079,TRUE,,FALSE
161032923,1080.01,1,VPC,3.965256,0.0006750,1654.060034,0.99,276.370200,-52.21430000,12.68,4770,2.034,0.947,0.284,0.049,3296,4.966,0,,25.56,13,0.0657,24.42,0.00,8.2,0.3,431,-,-,-,-,TRUE,,FALSE
447061717,1231.01,1,VPC,24.245650,0.0012130,1563.888198,3.26,156.747800,-52.46940000,10.19,6453,3.280,0.669,0.406,0.081,3535,4.954,0,,27.62,"10,9",0.0741,64.34,0.00,1.6,0.3,285,-,-,-,-,TRUE,Jennifer Burt (in prep),FALSE
165551882,1633.01,1,PC,12.158280,0.0058050,1798.104217,2.14,266.766256,57.224761,12.54,3431,1.916,1.056,0.323,0.010,3429,4.954,0,,,18,0.0544,47.28,0.00,2.6,0.3,323,,,,,TRUE,Try to observe again June 4,FALSE
296780789,573.01,1,VPC-,13.577363,0.0002320,1524.632662,1.70,142.347200,-14.51140000,12.52,143014,18.920,,0.338,,3404,4.911,0,,90.00,8,0.5136,49.40,0.90,2.3,0.5,288,,,-,-,FALSE,,TRUE
306996324.01,776.01,1,VPC+,15.664713,0.0000900,1572.604521,2.78,178.576600,-37.55270000,9.65,1484,2.157,,0.545,,3806,4.736,0,,39.40,10,0.0363,39.52,0.00,5.6,0.3,392,,,-,-,FALSE,,TRUE
306996324.02,776.02,1,VPC,8.246771,0.0002000,1571.415385,2.42,178.576600,-37.55270000,9.65,1063,1.787,,0.545,,3806,4.736,0,,39.40,10,0.0301,25.76,0.00,13.1,0.3,485,,,-,-,FALSE,,TRUE
13684720,1433.01,1,PC,12.437607,0.0002500,1695.012224,1.73,305.538023,36.06457200,12.46,128447,19.740,2.758,0.477,0.014,3275,4.758,0,0.475,67.96,"14, 15",0.3797,37.03,0.00,3.5,0.3,348,,,,,FALSE,,TRUE
119584412,1801.01,1,PC,21.284406,0.0033530,1903.544154,2.77,175.576559,23.026855,9.86,1547,2.170,0.846,0.546,0.016,3815,4.954,0,,,22,0.0365,48.44,0.00,3.7,0.3,355,,,,,FALSE,,
429358906,782.01,1,VPC,16.047916,0.0002000,1577.042852,1.71,183.921100,-18.91020000,12.19,4333,2.003,0.500,0.301,0.050,3331,4.954,0,,66.30,10,0.0611,59.66,0.00,1.4,0.3,279,,,-,-,FALSE,,TRUE
343628284,1448.01,1,PC,8.113675,0.0014140,1713.333728,2.35,316.324130,57.77137400,13.17,7361,3.791,0.430,0.382,0.011,3391,4.844,0,,73.33,"15, 16",0.0911,32.32,0.00,5.2,0.3,386,,,,,FALSE,,TRUE
230086768,1635.01,1,PC,8.857783,0.0007510,1797.127328,2.75,246.624600,66.143578,13.32,102947,17.912,17.460,0.389,0.012,3496,4.954,0,,,18,0.4222,33.82,0.00,5.4,0.3,389,,,,,FALSE,,TRUE
153065527,406.01,1,PPC,13.173838,0.0012850,1388.573000,2.20,49.262413,-42.24232900,11.22,2087,1.553,,0.309,,3349,4.941,0,,31.10,4,0.0461,51.40,0.00,2.0,0.3,302,,,-,-,FALSE,,TRUE
259962054,203.01,1,PC,51.953234,0.0103890,1327.729066,6.32,43.018800,-67.68760000,12.17,2534,1.221,,0.241,,3203,5.017,0,,50.00,"2,3,4,6,8",0.0465,151.41,0.00,0.2,0.3,168,,,-,-,FALSE,,TRUE
51024887,1632.01,1,VPC,8.249187,0.0032000,1797.344998,4.98,42.154146,62.189709,14.99,117724,8.048,35.753,0.165,0.005,2990,5.000,0,,,18,0.4473,57.14,,1.0,,,,,,,FALSE,,TRUE
312862941,1638.01,1,PC,0.901387,0.0000790,1791.146368,0.76,15.321760,55.697948,12.13,5492,8.637,21.636,0.701,0.021,3810,4.954,0,,,18,0.1130,4.98,0.00,352.5,0.3,1104,,,,,FALSE,,TRUE
348673213,1639.01,1,PC,0.901465,0.0001920,1791.468047,2.56,35.807158,56.570164,12.97,3157,3.435,0.998,0.611,0.018,3896,4.954,0,,,18,0.0516,5.46,0.00,320.8,0.3,1079,,,,,FALSE,,TRUE
408636441,1759.01,1,PC,37.696127,0.0020890,1745.467287,3.54,326.853293,62.753861,9.93,2681,3.235,0.463,0.627,0.019,3960,4.893,0,,,"16,17",0.0473,64.63,0.00,2.4,0.3,319,,,,,FALSE,,TRUE
322270620,1083.01,1,PC,12.958787,0.0046610,1666.870040,2.01,296.829400,-87.32160000,12.08,3300,2.704,0.790,0.448,0.069,3614,4.813,0,,68.91,13,0.0554,39.68,0.00,4.5,0.3,371,,,,,TRUE,,FALSE
32497972,876.01,1,PC,38.696290,0.0050520,1448.181557,2.45,84.108800,-24.24390000,11.50,2676,3.147,1.899,0.609,0.086,3955,4.689,0,,103.20,6,0.0474,67.06,0.00,2.3,0.3,312,,,-,-,FALSE,,TRUE
166648874,1806.01,1,PC,15.145469,0.0060870,1909.546801,2.58,166.118963,30.45875,12.62,5581,3.410,0.351,0.402,0.012,3272,4.954,0,,,22,0.0779,47.36,0.00,2.1,0.3,308,,,,,FALSE,,
271971130,715.01,1,PC,19.287523,0.0005160,1327.551446,2.07,113.851073,-73.57746900,13.53,4942,7.070,,0.230,0.007,3187,5.015,0,0.199,42.40,9,0.2823,80.73,0.24,0.7,0.3,229,-,-,-,-,FALSE,,TRUE
420112589,1452.01,1,VPC,11.062190,0.0008670,1691.52391,1.63,290.173858,73.19542600,12.30,3779,1.831,0.305,0.275,0.009,3248,4.954,0,0.249,30.52,"14, 15, 16",0.0610,49.40,0.00,1.9,0.3,299,,,,,FALSE,,TRUE
153077621,454.01,1,VPC-,18.082538,0.0002150,1414.220898,2.28,49.660200,-42.64240000,9.44,8669,3.362,,0.296,0.070,3321,4.954,0,0.287,78.96,4,0.1042,65.32,0.91,1.2,0.3,266,-,-,-,-,FALSE,Crossfield AC Target,TRUE
2760710,227.01,5,STPC,15.604000,0.0100000,1364.102069,1.51,356.527700,-16.69120000,14.28,30400,2.433,,0.241,0.007,3176,4.998,0,0.212,52.34,2,0.0926,67.91,0.00,0.9,0.3,249,-,-,-,-,FALSE,,TRUE
365639282,482.01,1,PC,10.871700,0.0059400,1472.412790,2.94,81.398600,8.44090000,13.09,14603,9.099,1.000,0.488,0.050,3692,4.954,0,,173.80,6,0.1711,33.34,0.00,6.9,0.3,414,,,-,-,FALSE,,TRUE
#,,,,,,,,,,,,,,,,,,,,,,,,,,,,,,,,,,
#No Window,,,,,,,,,,,,,,,,,,,,,,,,,,,,,,,,,,
#Proposed,,,,,,,,,,,,,,,,,,,,,,,,,,,,,,,,,,
#Retired,,,,,,,,,,,,,,,,,,,,,,,,,,,,,,,,,,
#Have Data,,,,,,,,,,,,,,,,,,,,,,,,,,,,,,,,,,
#Focus,,,,,,,,,,,,,,,,,,,,,,,,,,,,,,,,,,
#Not a planet,,,,,,,,,,,,,,,,,,,,,,,,,,,,,,,,,,
#Yikes,,,,,,,,,,,,,,,,,,,,,,,,,,,,,,,,,,
#Can't Observe,,,,,,,,,,,,,,,,,,,,,,,,,,,,,,,,,,