 ,Label,slice,Saturated,J.D.-2400000,JD_UTC,BJD_TDB,AIRMASS,EXPTIME,FWHM_Mean,Source_Radius,Sky_Rad(min),Sky_Rad(max),rel_flux_T1,rel_flux_C2,rel_flux_C3,rel_flux_C4,rel_flux_C5,rel_flux_err_T1,rel_flux_err_C2,rel_flux_err_C3,rel_flux_err_C4,rel_flux_err_C5,rel_flux_SNR_T1,rel_flux_SNR_C2,rel_flux_SNR_C3,rel_flux_SNR_C4,rel_flux_SNR_C5,tot_C_cnts,tot_C_err,X(IJ)_T1,Y(IJ)_T1,X(FITS)_T1,Y(FITS)_T1,RA_T1,DEC_T1,Source-Sky_T1,N_Src_Pixels_T1,Source_Error_T1,Source_SNR_T1,Peak_T1,Mean_T1,Sky/Pixel_T1,N_Sky_Pixels_T1,FWHM_T1,Width_T1,X-Width_T1,Y-Width_T1,Angle_T1,Roundness_T1,X(IJ)_C2,Y(IJ)_C2,X(FITS)_C2,Y(FITS)_C2,RA_C2,DEC_C2,Source-Sky_C2,Source_Error_C2,Source_SNR_C2,Peak_C2,Mean_C2,Sky/Pixel_C2,FWHM_C2,Width_C2,X-Width_C2,Y-Width_C2,Angle_C2,Roundness_C2,X(IJ)_C3,Y(IJ)_C3,X(FITS)_C3,Y(FITS)_C3,RA_C3,DEC_C3,Source-Sky_C3,Source_Error_C3,Source_SNR_C3,Peak_C3,Mean_C3,Sky/Pixel_C3,FWHM_C3,Width_C3,X-Width_C3,Y-Width_C3,Angle_C3,Roundness_C3,X(IJ)_C4,Y(IJ)_C4,X(FITS)_C4,Y(FITS)_C4,RA_C4,DEC_C4,Source-Sky_C4,Source_Error_C4,Source_SNR_C4,Peak_C4,Mean_C4,Sky/Pixel_C4,FWHM_C4,Width_C4,X-Width_C4,Y-Width_C4,Angle_C4,Roundness_C4,X(IJ)_C5,Y(IJ)_C5,X(FITS)_C5,Y(FITS)_C5,RA_C5,DEC_C5,Source-Sky_C5,Source_Error_C5,Source_SNR_C5,Peak_C5,Mean_C5,Sky/Pixel_C5,FWHM_C5,Width_C5,X-Width_C5,Y-Width_C5,Angle_C5,Roundness_C5
1,lsc1m005-fa15-20190803-0150-e91.fits,1,0,58699.71053,2458699.710534,2458699.715529,1.161993,239.979,7.618058,14,25,38,0.121256,0.279208,0.640189,0.303373,0.188579,0.000232,0.00039,0.000735,0.000411,0.000309,521.603311,716.801042,871.145185,738.192755,609.333648,3262695.169,1856.150651,2009.267573,2031.730833,2009.767573,2064.769167,22.196558,-58.946347,395620.5378,615.75216,724.307209,546.20544,7275.450684,642.499634,197.980054,2149,7.939116,11.255713,11.071286,11.440139,53.966573,0.988679,2159.172644,1981.55077,2159.672644,2114.94923,22.198659,-58.951691,712136.9708,882.715242,806.757306,12422.25,1156.531827,198.487007,7.585622,11.21071,11.023213,11.398207,53.974101,0.988224,1628.319443,1664.873104,1628.819443,2431.626896,22.191249,-58.986239,1273476.195,1108.334983,1148.999367,23202.41992,2068.163584,201.925609,7.432406,11.20395,11.157228,11.250673,47.668233,0.991958,1550.755446,1471.388463,1551.255446,2625.111537,22.190173,-59.007213,759424.912,903.54913,840.491,13910.75195,1233.328864,201.105099,7.374896,11.160565,11.209245,11.111885,42.272425,0.99158,3011.90822,2093.542138,3012.40822,2002.957862,22.210576,-58.938933,517657.0914,788.226854,656.736178,9618.109375,840.690663,196.211747,7.75825,11.133772,10.778769,11.488774,57.220506,0.976294
2,lsc1m005-fa15-20190803-0151-e91.fits,2,0,58699.71361,2458699.713611,2458699.718606,1.158923,239.979,9.22757,14,25,38,0.121353,0.279669,0.639536,0.302833,0.188974,0.000232,0.000389,0.000733,0.00041,0.000309,524.014938,719.781268,872.971333,739.373478,612.127956,3265298.394,1852.854035,2009.858604,2031.617002,2010.358604,2064.882998,22.196558,-58.946342,396253.1903,615.75216,721.984351,548.839029,7324.952148,643.527081,192.893459,2252,8.50929,11.189985,10.983633,11.396337,54.175532,0.986287,2159.760473,1981.448734,2160.260473,2115.051266,22.198658,-58.951685,713623.4375,880.379864,810.585824,13249.83691,1158.945894,192.328612,7.707495,11.134985,10.922711,11.347258,53.909343,0.984487,1628.920303,1664.7377,1629.420303,2431.7623,22.191249,-58.986237,1273699.433,1107.317987,1150.256249,23471.35938,2068.526131,196.610868,8.069122,11.133165,11.078205,11.188125,47.736595,0.989285,1551.378543,1471.265492,1551.878543,2625.234508,22.190173,-59.00721,758992.1104,901.965246,841.487091,14164.65137,1232.625981,196.529446,7.188934,11.073394,11.108738,11.038051,43.216189,0.989477,3012.469744,2093.440266,3012.969744,2003.059734,22.210575,-58.938926,518983.4132,786.323687,660.012437,9982.860352,842.844649,193.107409,7.044952,11.063898,10.647437,11.480358,58.491404,0.972548
3,lsc1m005-fa15-20190803-0152-e91.fits,3,0,58699.71669,2458699.716690,2458699.721685,1.15608,239.979,9.926021,14,25,38,0.12172,0.278923,0.640326,0.303058,0.189016,0.000232,0.000388,0.000733,0.000409,0.000309,525.573925,719.194599,873.385377,740.149127,611.735195,3269238.768,1854.583578,2009.981983,2031.636116,2010.481983,2064.863884,22.196558,-58.946343,397930.6385,615.75216,722.700374,550.616345,7147.068359,646.251307,194.186826,2181,8.314711,11.159616,10.947996,11.371236,54.768693,0.987148,2159.86213,1981.489297,2160.36213,2115.010703,22.198659,-58.951684,712995.4113,880.675513,809.600586,12454.41602,1157.92596,194.763261,8.398103,11.113679,10.916367,11.310992,54.260167,0.987512,1629.021688,1664.782618,1629.521688,2431.717382,22.191249,-58.986235,1276196.434,1108.442027,1151.342518,22852.74023,2072.581336,196.915558,8.140884,11.102091,11.064356,11.139825,47.182896,0.992026,1551.491014,1471.277658,1551.991014,2625.222342,22.190173,-59.007211,760341.2619,902.324272,842.647467,14044.21777,1234.817043,196.554814,7.301938,11.026055,11.05679,10.99532,43.183843,0.992256,3012.607261,2093.514428,3013.107261,2002.985572,22.210576,-58.938924,519705.66,788.072375,659.46438,9822.75293,844.017599,194.303539,8.246898,11.022018,10.670242,11.373794,57.109824,0.975839
4,lsc1m005-fa15-20190803-0153-e91.fits,4,0,58699.71977,2458699.719767,2458699.724762,1.153473,239.979,10.245467,14,25,38,0.121751,0.279742,0.639597,0.302866,0.188851,0.000231,0.000388,0.000731,0.000409,0.000308,526.248796,721.337776,875.042335,741.142512,612.675578,3274792.951,1854.196515,2010.053155,2031.693567,2010.553155,2064.806433,22.196558,-58.946333,398708.3529,615.75216,723.228129,551.289886,7133.627441,647.514339,192.952899,2159,8.400095,11.146638,10.985842,11.307434,52.328149,0.987003,2159.955207,1981.507112,2160.455207,2114.992888,22.198659,-58.951679,715846.1525,881.223317,812.332287,12876.67773,1162.55565,192.224614,8.266207,11.085454,10.916972,11.253936,52.603744,0.986578,1629.100062,1664.811725,1629.600062,2431.688275,22.191249,-58.986229,1277477.299,1107.558221,1153.417739,22644.92773,2074.661498,196.466641,8.229859,11.086433,11.071152,11.101715,45.860909,0.991582,1551.558413,1471.323904,1552.058413,2625.176096,22.190173,-59.007203,761263.1319,902.423926,843.575963,13915.41211,1236.314188,195.508692,8.178998,11.037744,11.103802,10.971686,41.399075,0.990885,3012.71323,2093.551898,3013.21323,2002.948102,22.210577,-58.938917,520206.3673,787.677615,660.430558,9784.080078,844.830763,191.960787,8.226155,10.988321,10.665376,11.311265,56.233028,0.976381
5,lsc1m005-fa15-20190803-0154-e91.fits,5,0,58699.72285,2458699.722846,2458699.727841,1.151094,239.975,10.353338,14,25,38,0.121098,0.278774,0.641891,0.302457,0.188824,0.000231,0.000388,0.000734,0.000409,0.000308,523.487891,719.379794,874.35957,739.944359,612.471401,3273921.107,1855.73109,2010.088933,2031.677437,2010.588933,2064.822563,22.196558,-58.946335,396466.6048,615.75216,723.246877,548.176034,7120.59375,643.873673,194.252598,2265,8.525583,11.179798,11.02062,11.338976,53.232551,0.98991,2159.972919,1981.518285,2160.472919,2114.981715,22.198659,-58.951679,713717.0544,881.5215,809.642254,12421.37793,1159.09793,194.860491,8.269839,11.152364,11.029435,11.275293,50.472671,0.986523,1629.158184,1664.799545,1629.658184,2431.700455,22.191249,-58.98623,1279926.568,1109.61224,1153.489951,22214.375,2078.639184,198.200339,8.253156,11.13035,11.13849,11.12221,44.534885,0.991883,1551.609322,1471.309019,1552.109322,2625.190981,22.190173,-59.007205,760271.7965,902.907406,842.026316,13374.8916,1234.70423,197.241963,8.235642,11.085806,11.16649,11.005121,40.535827,0.991204,3012.692974,2093.522794,3013.192974,2002.977206,22.210576,-58.938921,520005.6882,787.512932,660.31384,9777.864258,844.504854,195.189349,8.237001,11.045021,10.742705,11.347337,55.378463,0.976177
6,lsc1m005-fa15-20190803-0155-e91.fits,6,0,58699.72593,2458699.725929,2458699.730924,1.148934,239.979,10.38187,14,25,38,0.121584,0.279521,0.640188,0.303011,0.188612,0.000232,0.000388,0.000733,0.00041,0.000309,524.74392,720.333722,873.4791,739.620826,610.937553,3270307.625,1855.095992,2010.16635,2031.63551,2010.66635,2064.86449,22.196558,-58.946337,397618.5214,615.75216,723.390652,549.659469,7331.364746,645.74442,195.574751,2161,8.563342,11.12085,10.935319,11.30638,53.788279,0.987798,2160.035495,1981.472333,2160.535495,2115.027667,22.198659,-58.951681,714422.4203,880.541475,811.344429,12840.23828,1160.243466,195.138503,8.313543,11.075981,10.901442,11.250521,52.514859,0.985236,1629.24296,1664.753094,1629.74296,2431.746906,22.19125,-58.986232,1276445.698,1108.432826,1151.576955,23125.74219,2072.986147,199.051464,8.19492,11.041921,11.001402,11.082441,47.196532,0.99082,1551.691292,1471.259402,1552.191292,2625.240598,22.190173,-59.007207,760499.197,903.450847,841.771525,13904.34863,1235.073535,199.132555,8.206179,11.007217,11.02671,10.987724,43.95928,0.99049,3012.791558,2093.475516,3013.291558,2003.024484,22.210576,-58.938924,518940.3098,788.150423,658.428004,9915.172852,842.774648,194.804338,8.27803,10.95522,10.606995,11.303444,56.518825,0.973663
7,lsc1m005-fa15-20190803-0156-e91.fits,7,0,58699.72901,2458699.729006,2458699.734001,1.14701,239.975,10.725411,14,25,38,0.121592,0.278843,0.641786,0.303224,0.188182,0.000232,0.000388,0.000735,0.00041,0.000309,524.510517,718.870243,873.387606,739.508992,609.974752,3272541.307,1857.300351,2010.159303,2031.654188,2010.659303,2064.845812,22.196559,-58.946338,397914.9575,615.75216,724.247887,549.418182,6576.842285,646.225841,196.104737,2158,8.954948,11.263848,11.118558,11.409137,52.662817,0.990476,2160.018407,1981.472526,2160.518407,2115.027474,22.198659,-58.951683,713554.3292,881.76184,809.237026,11598.54883,1158.83366,197.41578,8.573218,11.228433,11.064406,11.392459,52.643656,0.987726,1629.234698,1664.755837,1629.734698,2431.744163,22.19125,-58.986234,1279260.105,1109.944196,1152.544524,21089.61914,2077.556829,200.931532,8.518915,11.191675,11.157837,11.225512,46.933965,0.991965,1551.672876,1471.269881,1552.172876,2625.230119,22.190174,-59.007208,761428.7976,904.556785,841.770036,12766.44922,1236.583234,199.861676,8.487487,11.158858,11.21837,11.099346,41.642486,0.99168,3012.777783,2093.529165,3013.277783,2002.970835,22.210577,-58.938921,518298.0748,788.581991,657.253248,8954.130859,841.731639,196.590533,8.710618,11.124605,10.779928,11.469282,57.026107,0.976928
8,lsc1m005-fa15-20190803-0157-e91.fits,8,0,58699.73208,2458699.732084,2458699.737079,1.145305,239.974,10.609489,14,25,38,0.121271,0.279605,0.639691,0.303371,0.188501,0.000231,0.000388,0.000732,0.000409,0.000308,524.190882,720.662087,874.133433,741.265604,611.737941,3271171.447,1853.713072,2010.184709,2031.668537,2010.684709,2064.831463,22.196559,-58.946337,396697.0291,615.75216,722.620285,548.970237,6896.449219,644.247889,192.73247,2179,8.681446,11.16798,11.004526,11.331433,53.402284,0.989753,2160.057888,1981.513806,2160.557888,2114.986194,22.198659,-58.95168,714778.9749,880.763671,811.544571,12133.30078,1160.822521,192.294469,8.411451,11.207895,11.04243,11.373361,52.567163,0.987216,1629.255509,1664.803678,1629.755509,2431.696322,22.19125,-58.986229,1276178.289,1107.987825,1151.798116,21697.80664,2072.551867,195.75558,8.377561,11.171433,11.172877,11.169989,44.921524,0.991097,1551.708919,1471.304297,1552.208919,2625.195703,22.190174,-59.007204,761393.7647,902.041621,844.078307,13257.48633,1236.52634,194.533566,8.326867,11.102954,11.158732,11.047177,41.954675,0.991033,3012.823447,2093.536345,3013.323447,2002.963655,22.210577,-58.938922,518820.419,786.887162,659.332677,9203.862305,842.579941,192.404684,8.524709,11.081244,10.731858,11.43063,56.894699,0.97561
9,lsc1m005-fa15-20190803-0158-e91.fits,9,0,58699.73516,2458699.735163,2458699.740158,1.143821,239.979,10.458656,14,25,38,0.121064,0.279558,0.639156,0.303269,0.188907,0.00023,0.000386,0.000729,0.000408,0.000307,525.919684,723.387503,877.324918,743.433573,615.284751,3280997.174,1852.33807,2010.194624,2031.599605,2010.694624,2064.900395,22.196559,-58.946337,397212.1027,615.75216,721.211357,550.756861,7139.529297,645.084384,188.571882,2226,8.783025,11.137437,10.958412,11.316462,52.783082,0.985656,2160.058715,1981.418597,2160.558715,2115.081403,22.198659,-58.951683,716833.1814,879.955576,814.624284,12569.33203,1164.158614,188.449497,8.243898,11.099623,10.912447,11.286798,52.835129,0.984417,1629.245191,1664.729413,1629.745191,2431.770587,22.19125,-58.986231,1279359.08,1106.975247,1155.725102,22644.19727,2077.717567,192.950575,8.427034,11.069705,11.050661,11.088749,45.993245,0.990148,1551.679992,1471.232371,1552.179992,2625.267629,22.190173,-59.007206,763484.0977,902.196367,846.250468,13770.37891,1239.921103,190.780742,8.330573,11.02789,11.092355,10.963425,41.702444,0.989639,3012.777729,2093.451271,3013.277729,2003.048729,22.210576,-58.938924,521320.8145,785.800246,663.426637,9853.916992,846.640659,188.015311,7.89926,11.014349,10.67575,11.352949,56.014685,0.973181
10,lsc1m005-fa15-20190803-0159-e91.fits,10,0,58699.73824,2458699.738241,2458699.743236,1.142562,239.975,10.507628,14,25,38,0.121599,0.2796,0.638723,0.302307,0.1899,0.00023,0.000386,0.000728,0.000407,0.000307,528.657163,724.341753,877.938054,742.880447,617.995265,3282336.585,1851.417389,2010.280786,2031.594011,2010.780786,2064.905989,22.196559,-58.946337,399129.0649,615.75216,720.639258,553.854179,6918.96582,648.197588,185.177916,2238,8.724385,11.13081,10.98343,11.27819,52.028814,0.988118,2160.168836,1981.418025,2160.668836,2115.081975,22.19866,-58.951682,717210.4519,879.122707,815.825193,12301.86523,1164.771313,185.362539,8.279517,11.118584,10.94575,11.291418,52.872841,0.986881,1629.331855,1664.73353,1629.831855,2431.76647,22.19125,-58.986228,1279352.357,1106.685228,1156.021897,22321.91797,2077.706649,189.077938,8.341272,11.086022,11.089925,11.08212,44.77955,0.991631,1551.798045,1471.220302,1552.298045,2625.279698,22.190174,-59.007205,761934.1825,901.662092,845.032956,13263.83203,1237.403994,188.978131,8.330894,11.052607,11.128032,10.977182,40.846496,0.991077,3012.869066,2093.45134,3013.369066,2003.04866,22.210576,-58.938923,523839.5933,785.584428,666.815144,9304.654297,850.731231,184.638488,8.403418,11.133377,10.851335,11.415419,56.145468,0.982181
11,lsc1m005-fa15-20190803-0160-e91.fits,11,0,58699.74133,2458699.741325,2458699.746320,1.14152,239.975,10.466987,14,25,38,0.121006,0.279413,0.641245,0.302991,0.188166,0.00023,0.000386,0.000731,0.000408,0.000306,526.462809,723.597847,877.560616,743.521881,614.535112,3275133.864,1848.673712,2010.140946,2031.553687,2010.640946,2064.946313,22.196558,-58.94634,396309.6726,615.75216,718.772009,551.370487,6735.035156,643.61881,183.907415,2231,8.314856,11.190613,11.118523,11.262703,48.699334,0.98999,2160.007074,1981.382487,2160.507074,2115.117513,22.198659,-58.951685,715262.3337,877.738108,814.892651,12192.99414,1161.60751,183.788256,8.403601,11.167544,11.067105,11.267984,49.686504,0.987803,1629.212192,1664.683775,1629.712192,2431.816225,22.19125,-58.986233,1279616.222,1106.505975,1156.447638,22016.45117,2078.135173,187.323859,8.557375,11.146149,11.20207,11.090229,41.720511,0.992284,1551.658062,1471.194632,1552.158062,2625.305368,22.190173,-59.007207,761582.6957,899.868995,846.326187,13270.35254,1236.833169,186.808188,8.513433,11.128716,11.270853,10.986579,36.869348,0.991681,3012.743939,2093.411885,3013.243939,2003.088115,22.210576,-58.938927,518672.6129,782.975495,662.437862,9394.152344,842.3399,184.490886,8.03804,11.070748,10.798707,11.342789,54.440307,0.976962
12,lsc1m005-fa15-20190803-0161-e91.fits,12,0,58699.7444,2458699.744404,2458699.749399,1.1407,239.999,10.588168,14,25,38,0.121661,0.279133,0.640164,0.303226,0.18878,0.00023,0.000386,0.000729,0.000408,0.000307,529.191146,723.83854,878.058707,744.010088,615.497381,3277405.301,1848.863844,2010.133825,2031.654079,2010.633825,2064.845921,22.196558,-58.946335,398732.9487,615.75216,719.118005,554.47499,6959.03125,647.554283,184.478406,2195,8.737396,11.172167,11.06341,11.280925,50.002822,0.987446,2160.05024,1981.481254,2160.55024,2115.018746,22.198659,-58.95168,715196.4925,877.448087,815.086958,12361.33398,1161.500582,184.590768,8.511363,11.116709,11.001643,11.231776,49.875141,0.985061,1629.214539,1664.790027,1629.714539,2431.709973,22.19125,-58.986226,1279186.847,1105.674983,1156.928452,22494.83594,2077.437856,187.439161,8.409032,11.112772,11.157086,11.068459,42.653654,0.990497,1551.680415,1471.29426,1552.180415,2625.20574,22.190173,-59.007201,762564.4544,900.413768,846.904481,13797.26465,1238.427575,185.717963,8.284036,11.042599,11.16416,10.921038,38.791555,0.989518,3012.784749,2093.497047,3013.284749,2003.002953,22.210576,-58.938925,520457.5074,784.29602,663.598302,9524.592773,845.238622,184.392101,8.532024,11.011748,10.713055,11.310441,54.731715,0.973531
13,lsc1m005-fa15-20190803-0162-e91.fits,13,0,58699.74749,2458699.747491,2458699.752486,1.140098,239.978,10.586253,14,25,38,0.121391,0.279136,0.640582,0.302675,0.189016,0.00023,0.000386,0.00073,0.000407,0.000307,527.512104,722.938321,877.332613,743.010433,615.701476,3273843.003,1848.422217,2010.075676,2031.634312,2010.575676,2064.865688,22.196559,-58.946335,397416.4087,615.75216,719.188431,552.590102,6717.398926,645.416183,184.204232,2221,8.772554,11.192335,11.076591,11.30808,50.467766,0.988116,2159.951695,1981.457086,2160.451695,2115.042914,22.198659,-58.95168,714426.3049,877.724904,813.952414,11750.49805,1160.249775,185.433683,8.559719,11.17604,11.076003,11.276077,49.622275,0.987584,1629.141928,1664.731101,1629.641928,2431.768899,22.19125,-58.98623,1278305.832,1105.736187,1156.067646,21221.25195,2076.00706,187.258483,8.403563,11.140062,11.178147,11.101977,42.936831,0.990971,1551.596795,1471.250231,1552.096795,2625.249769,22.190174,-59.007203,760672.6171,899.575393,845.590734,12781.85156,1235.355174,186.738544,8.452212,11.107827,11.229548,10.986105,38.50039,0.990509,3012.703571,2093.480408,3013.203571,2003.019592,22.210577,-58.938922,520438.2497,783.820949,663.975938,9110.977539,845.207347,184.044355,8.15505,11.057989,10.782323,11.333654,54.762455,0.977773
14,lsc1m005-fa15-20190803-0163-e91.fits,14,0,58699.75057,2458699.750570,2458699.755565,1.139716,239.979,10.483906,14,25,38,0.121501,0.278824,0.642372,0.302414,0.188564,0.00023,0.000386,0.000732,0.000407,0.000307,527.836088,723.012956,878.123138,743.512523,614.68909,3278231.667,1849.908487,2010.624113,2031.863209,2011.124113,2064.636791,22.196559,-58.946329,398308.5734,615.75216,720.355041,552.933693,7774.168945,646.865085,184.71282,2176,8.881485,10.848553,10.756844,10.940263,49.861594,0.98998,2160.535848,1981.670892,2161.035848,2114.829108,22.19866,-58.951676,714758.1956,878.181564,813.907083,13445.46582,1160.788775,185.694605,8.544691,10.831199,10.738334,10.924063,49.636536,0.988678,1629.707543,1664.98517,1630.207543,2431.51483,22.19125,-58.986222,1282196.702,1107.116398,1158.140828,24643.69531,2082.32595,188.237729,8.407016,10.812737,10.904293,10.721181,39.645637,0.991695,1552.198191,1471.471516,1552.698191,2625.028484,22.190174,-59.007199,761189.5897,899.523951,846.21381,14044.30957,1236.194753,188.013959,7.875241,10.756666,10.924409,10.588924,35.161804,0.991424,3013.229146,2093.696611,3013.729146,2002.803389,22.210577,-58.93892,520087.1803,784.925788,662.59408,9987.827148,844.6372,185.824601,8.124844,10.752606,10.531354,10.973857,53.0976,0.978248
15,lsc1m005-fa15-20190803-0164-e91.fits,15,0,58699.75365,2458699.753651,2458699.758646,1.139552,239.979,10.381228,14,25,38,0.121769,0.278577,0.640773,0.302674,0.1894,0.00023,0.000386,0.000731,0.000408,0.000308,528.643516,722.113593,877.085877,742.05484,615.620292,3279108.709,1852.48146,2010.339827,2031.630809,2010.839827,2064.869191,22.196559,-58.946329,399294.2951,615.75216,720.848183,553.922871,7304.240723,648.465927,187.293548,2204,8.647428,10.921312,10.844885,10.997739,49.071375,0.990237,2160.229948,1981.419373,2160.729948,2115.080627,22.19866,-58.951678,714454.6621,878.939973,812.859449,13031.68164,1160.295827,188.540616,8.096567,10.849412,10.730464,10.968361,50.627141,0.98738,1629.446406,1664.740779,1629.946406,2431.759221,22.191251,-58.986223,1280593.64,1107.347321,1156.451653,24312.04492,2079.722529,190.946044,8.13116,10.82895,10.881029,10.77687,41.907011,0.992033,1551.902318,1471.247163,1552.402318,2625.252837,22.190174,-59.007197,761895.1661,902.450322,844.251642,14183.71484,1237.340631,191.053858,8.135102,10.810137,10.948597,10.671677,36.853606,0.991665,3012.970876,2093.474709,3013.470876,2003.025291,22.210577,-58.93892,522165.2415,786.458778,663.944832,10305.32031,848.012034,187.898445,8.411975,10.787245,10.531715,11.042774,54.066504,0.976853
16,lsc1m005-fa15-20190803-0165-e91.fits,16,0,58699.75673,2458699.756727,2458699.761722,1.139606,239.979,10.468503,14,25,38,0.121543,0.279765,0.639752,0.302379,0.189156,0.000231,0.000388,0.000731,0.000408,0.000308,526.104397,721.936565,875.163977,741.242412,614.729528,3272529.255,1851.790962,2010.296106,2031.648925,2010.796106,2064.851075,22.19656,-58.94633,397753.5823,615.75216,721.756173,551.091348,6952.296875,645.963763,189.294424,2268,8.667433,10.92569,10.842969,11.008411,49.214869,0.989332,2160.174006,1981.445232,2160.674006,2115.054768,22.19866,-58.951678,715395.7592,879.864821,813.074625,12728.0293,1161.824197,188.521247,8.191349,10.903247,10.807186,10.999308,49.450934,0.987035,1629.384939,1664.714172,1629.884939,2431.785828,22.191251,-58.986228,1276782.817,1107.788967,1152.55058,23174.13672,2073.533638,192.731654,8.311947,10.887374,10.950572,10.824176,41.329136,0.991747,1551.843135,1471.229975,1552.343135,2625.270025,22.190175,-59.007201,759796.7088,900.742469,843.522688,13915.08398,1233.932673,191.235394,8.348277,10.849197,10.97793,10.720465,37.954613,0.990501,3012.901799,2093.471616,3013.401799,2003.028384,22.210577,-58.93892,520553.971,785.133284,663.013506,9940.535156,845.395282,188.605962,8.442283,10.87328,10.619927,11.126634,53.852769,0.976546
17,lsc1m005-fa15-20190803-0166-e91.fits,17,0,58699.75981,2458699.759805,2458699.764800,1.139878,239.975,10.503244,14,25,38,0.121661,0.280649,0.63957,0.302764,0.188169,0.00023,0.000388,0.00073,0.000407,0.000307,528.391719,723.825928,876.544668,742.999589,613.650046,3277055.74,1851.501143,2010.315162,2031.670894,2010.815162,2064.829106,22.19656,-58.946331,398689.4239,615.75216,720.125944,553.638468,6846.577148,647.483598,186.719679,2184,8.730714,11.049212,10.927677,11.170747,50.863101,0.988286,2160.222113,1981.482676,2160.722113,2115.017324,22.19866,-58.951678,718152.8733,880.600759,815.526067,12200.02734,1166.301833,186.43074,8.268691,11.03935,10.935983,11.142717,49.569914,0.986103,1629.356226,1664.806027,1629.856226,2431.693973,22.19125,-58.986222,1278327.332,1107.320988,1154.432496,22276.50195,2076.041977,189.023555,8.228727,11.011479,11.060802,10.962157,42.214314,0.991486,1551.82516,1471.280841,1552.32516,2625.219159,22.190174,-59.007199,761591.434,900.418871,845.81905,13328.81348,1236.847361,189.569323,8.288111,10.957387,11.071743,10.84303,38.356861,0.991753,3012.962764,2093.502676,3013.462764,2002.997324,22.210578,-58.938923,518984.1007,784.655895,661.416175,9454.514648,842.845765,186.807461,8.531476,10.9584,10.69048,11.226321,54.191724,0.975989
18,lsc1m005-fa15-20190803-0167-e91.fits,18,0,58699.76288,2458699.762884,2458699.767879,1.140369,239.978,10.420515,14,25,38,0.121463,0.27947,0.639091,0.303629,0.188718,0.000231,0.000387,0.000729,0.000408,0.000307,526.771876,722.192158,876.162288,743.282193,614.880068,3278230.437,1852.811217,2010.327441,2031.505295,2010.827441,2064.994705,22.196559,-58.946335,398182.5653,615.75216,721.613585,551.794719,6882.664062,646.660444,189.60039,2287,8.309471,11.063573,10.969449,11.157697,49.410034,0.987688,2160.200647,1981.33215,2160.700647,2115.16785,22.198659,-58.951679,716051.0357,880.632915,813.109553,12275.95606,1162.888386,189.53626,8.301546,11.023658,10.940805,11.106512,48.673402,0.986183,1629.406107,1664.628126,1629.906107,2431.871874,22.19125,-58.986228,1278200.427,1107.933452,1153.679785,22208.02734,2075.83588,192.406678,8.444242,10.984299,11.046434,10.922164,41.7035,0.990291,1551.839853,1471.144807,1552.339853,2625.355193,22.190174,-59.007202,763534.3616,902.095991,846.400349,13461.80859,1240.002733,190.819555,8.487396,10.981597,11.121563,10.841631,37.564674,0.990137,3012.920633,2093.359558,3013.420633,2003.140442,22.210576,-58.938921,520444.6126,784.921246,663.053287,9585.644531,845.217681,188.780931,8.056674,10.967187,10.713799,11.220575,53.683247,0.976059
19,lsc1m005-fa15-20190803-0168-e91.fits,19,0,58699.76596,2458699.765961,2458699.770956,1.141077,239.975,10.601102,14,25,38,0.121551,0.279347,0.640208,0.303008,0.188753,0.000231,0.000387,0.000731,0.000408,0.000307,526.296857,721.401958,876.002153,742.301626,614.180679,3275181.861,1852.193886,2010.264632,2031.655253,2010.764632,2064.844747,22.19656,-58.946326,398101.3968,615.75216,722.139074,551.280786,7152.432617,646.528624,190.548921,2258,8.752267,11.012263,10.977598,11.046927,46.591633,0.987147,2160.125061,1981.435304,2160.625061,2115.064696,22.19866,-58.951676,715140.5555,880.639656,812.069444,12651.76367,1161.409739,190.837755,8.570475,10.98249,10.972292,10.992688,45.427676,0.984524,1629.298733,1664.718133,1629.798733,2431.781867,22.191251,-58.986226,1278373.248,1107.274301,1154.522639,22485.25391,2076.116546,193.920266,8.538901,10.968029,11.071089,10.86497,39.746392,0.989382,1551.765119,1471.23813,1552.265119,2625.26187,22.190175,-59.007199,761626.9902,901.306481,845.025534,13619.80859,1236.905105,192.754238,8.571176,10.918258,11.115313,10.721202,35.170322,0.988496,3012.840083,2093.43351,3013.340083,2003.06649,22.210577,-58.938919,520041.0671,785.293726,662.22491,9747.382812,844.562311,189.361016,8.152176,10.903103,10.748117,11.058088,50.495956,0.977777
20,lsc1m005-fa15-20190803-0169-e91.fits,20,0,58699.76904,2458699.769040,2458699.774035,1.142007,239.971,10.695848,14,25,38,0.122094,0.279453,0.640555,0.302274,0.189091,0.000232,0.000387,0.000732,0.000408,0.000308,527.356397,721.554169,875.417318,741.168718,614.324676,3275419.844,1853.396346,2010.21593,2031.575425,2010.71593,2064.924575,22.19656,-58.946327,399907.8683,615.75216,723.775898,552.529961,6674.76416,649.462388,190.411319,2233,8.913214,11.050474,11.089574,11.011373,42.645545,0.992569,2160.09034,1981.393318,2160.59034,2115.106682,22.19866,-58.951673,715403.1721,880.518235,812.479678,11790.27832,1161.836236,190.396928,8.438562,11.0266,11.049999,11.003201,43.644986,0.991943,1629.317102,1664.709989,1629.817102,2431.790011,22.191252,-58.98622,1278888.882,1108.619815,1153.586527,20656.19922,2076.953952,194.342308,8.487708,11.003177,11.178956,10.827399,32.644094,0.994162,1551.783609,1471.215393,1552.283609,2625.284607,22.190176,-59.007194,760265.1618,901.431218,843.397862,12618.8252,1234.693455,193.064021,8.492626,10.960295,11.218876,10.701715,28.015524,0.992876,3012.829995,2093.448587,3013.329995,2003.051413,22.210578,-58.938911,520862.6277,786.224851,662.485581,8990.263672,845.89655,189.877996,8.546027,10.926352,10.829292,11.023412,49.174795,0.985034
21,lsc1m005-fa15-20190803-0170-e91.fits,21,0,58699.77213,2458699.772126,2458699.777121,1.143157,239.975,11.060502,14,25,38,0.121401,0.278277,0.641515,0.303465,0.188612,0.000231,0.000386,0.000732,0.000408,0.000307,526.300603,720.817349,876.401754,742.999975,613.670782,3276372.917,1852.395132,2010.172671,2031.556518,2010.672671,2064.943482,22.19656,-58.946332,397755.544,615.75216,721.523952,551.271435,6095.168945,645.966949,188.993842,2227,9.272739,11.214798,11.19201,11.237587,46.330174,0.992334,2160.032737,1981.390855,2160.532737,2115.109145,22.19866,-58.951676,713256.0086,879.371525,811.097458,11226.05566,1158.349178,190.278455,8.887455,11.149739,11.120366,11.179111,46.610124,0.991203,1629.267427,1664.673453,1629.767427,2431.826547,22.191252,-58.986226,1280428.393,1107.968957,1155.653671,19669.61133,2079.454164,193.445201,8.925505,11.124356,11.255258,10.993454,36.310173,0.993794,1551.709034,1471.124635,1552.209034,2625.375365,22.190175,-59.007207,762784.8872,901.566471,846.066166,12157.94824,1238.785564,192.426058,8.985418,11.100378,11.296462,10.904293,32.56504,0.992947,3012.768747,2093.392605,3013.268747,2003.107395,22.210578,-58.93892,519903.6283,785.911021,661.529886,8584.017578,844.339106,190.126557,8.535545,11.086801,10.924165,11.249436,51.595314,0.983477
22,lsc1m005-fa15-20190803-0171-e91.fits,22,0,58699.77521,2458699.775208,2458699.780203,1.144532,239.991,11.243556,14,25,38,0.121413,0.280066,0.638939,0.302978,0.188825,0.000231,0.000388,0.000729,0.000408,0.000308,526.078072,722.661621,875.969429,742.058269,613.866325,3279377.423,1854.399147,2010.113035,2031.644718,2010.613035,2064.855282,22.196559,-58.946337,398157.732,615.75216,722.577152,551.024525,6592.359863,646.620114,191.183241,2228,9.313623,11.284177,11.240691,11.327662,47.352302,0.99117,2159.993811,1981.492532,2160.493811,2115.007468,22.19866,-58.951679,717496.2624,881.458948,813.987156,11219.43359,1165.235478,191.304843,9.177282,11.24657,11.21511,11.278031,46.565863,0.989513,1629.226055,1664.79163,1629.726055,2431.70837,22.191251,-58.986227,1278462.658,1107.807502,1154.047662,20216.94922,2076.261751,194.536594,8.890701,11.215707,11.335727,11.095688,37.960987,0.99226,1551.67386,1471.27488,1552.17386,2625.22512,22.190175,-59.007204,762544.3874,902.848969,844.597949,12089.74121,1238.394986,193.337114,9.00043,11.188772,11.376797,11.000747,33.866549,0.992137,3012.745108,2093.495363,3013.245108,2003.004637,22.210577,-58.938922,520874.1152,787.053111,661.803006,8567.970703,845.915206,191.778879,8.77524,11.149921,10.949095,11.350747,52.592791,0.981101
23,lsc1m005-fa15-20190803-0172-e91.fits,23,0,58699.77829,2458699.778288,2458699.783283,1.146122,239.979,11.370813,14,25,38,0.121673,0.279298,0.640464,0.303145,0.188548,0.000232,0.000389,0.000735,0.000411,0.00031,523.539177,717.826883,871.742517,738.175851,609.183777,3254115.105,1850.182306,2009.969222,2031.569014,2010.469222,2064.930986,22.196559,-58.946339,395937.4499,615.75216,721.988953,548.39821,6341.974609,643.014309,193.075929,2134,9.292062,11.426634,11.400493,11.452776,46.495654,0.992312,2159.846725,1981.432403,2160.346725,2115.067597,22.198659,-58.951679,710442.5098,879.079899,808.166027,10888.99707,1153.779972,192.174831,8.752402,11.391735,11.351645,11.431825,47.187552,0.991488,1629.081091,1664.715085,1629.581091,2431.784915,22.191251,-58.98623,1270459.361,1104.709326,1150.039501,19740.63086,2063.264157,195.579314,9.160977,11.380573,11.491748,11.269398,37.823541,0.993789,1551.587704,1471.227015,1552.087704,2625.272985,22.190175,-59.007203,756990.0387,900.906439,840.253778,11712.44336,1229.374556,194.352554,9.381988,11.322152,11.528855,11.115449,31.940478,0.993126,3012.573555,2093.406285,3013.073555,2003.093715,22.210576,-58.938926,516223.1952,786.370137,656.463376,8311.40625,838.361972,192.902049,9.023079,11.276621,11.057194,11.496049,53.473506,0.982188
24,lsc1m005-fa15-20190803-0173-e91.fits,24,0,58699.78137,2458699.781369,2458699.786364,1.147939,239.978,11.385422,14,25,38,0.121876,0.278648,0.640814,0.302191,0.18972,0.000232,0.000388,0.000734,0.000409,0.000309,525.594441,718.771777,873.399406,738.921162,613.203046,3266906.189,1853.475984,2009.957577,2031.547661,2010.457577,2064.952339,22.19656,-58.946336,398157.1119,615.75216,723.072493,550.646188,5953.718262,646.619107,193.0041,2242,9.376912,11.458368,11.490716,11.42602,43.05609,0.993066,2159.815078,1981.39041,2160.315078,2115.10959,22.19866,-58.951679,711937.0592,880.038283,808.984192,10397.55078,1156.207165,194.584416,8.831538,11.387647,11.382069,11.393224,45.314259,0.992026,1629.053582,1664.67263,1629.553582,2431.82737,22.191251,-58.986231,1275878.151,1107.807369,1151.714809,18445.03516,2072.064435,197.280374,9.334416,11.39032,11.523888,11.256751,36.305505,0.993843,1551.547669,1471.183679,1552.047669,2625.316321,22.190176,-59.007205,758129.5384,901.782681,840.70093,10929.43848,1231.225138,196.774086,8.941366,11.325558,11.506557,11.144559,33.300561,0.993525,3012.567044,2093.381293,3013.067044,2003.118707,22.210577,-58.938922,520961.4395,787.690724,661.378157,7959.151367,846.057023,193.704389,9.072065,11.321589,11.153465,11.489714,51.408644,0.982085
25,lsc1m005-fa15-20190803-0174-e91.fits,25,0,58699.78445,2458699.784454,2458699.789448,1.149984,240.026,11.140639,14,25,38,0.122132,0.279587,0.641507,0.301355,0.189242,0.000232,0.000389,0.000735,0.000408,0.000309,525.966386,719.153731,873.081518,738.290877,612.194591,3269941.603,1855.953893,2009.894675,2031.635676,2010.394675,2064.864324,22.196558,-58.946334,399363.1665,615.75216,724.670924,551.095888,6115.418945,648.577776,195.91564,2238,9.214158,11.561925,11.603922,11.519928,42.582602,0.992571,2159.766101,1981.448296,2160.266101,2115.051704,22.198658,-58.95168,714475.1524,882.404952,809.690778,10714.4834,1160.329104,195.580283,8.630942,11.50045,11.535036,11.465864,43.183703,0.990988,1629.006985,1664.770152,1629.506985,2431.729848,22.19125,-58.986227,1277904.984,1109.799451,1151.473794,19183.92188,2075.356071,199.161177,9.047004,11.505825,11.695443,11.316207,33.888335,0.99241,1551.494383,1471.295807,1551.994383,2625.204193,22.190174,-59.0072,757221.4902,901.637157,839.829508,11297.05469,1229.750441,199.598092,8.55267,11.412715,11.676924,11.148505,29.224383,0.992179,3012.527678,2093.397122,3013.027678,2003.102878,22.210576,-58.938928,520339.9766,788.23979,660.129041,8133.693359,845.047749,195.74473,8.873002,11.401537,11.257128,11.545947,50.74253,0.98382
26,lsc1m005-fa15-20190803-0175-e91.fits,26,0,58699.78753,2458699.787534,2458699.792528,1.152253,239.979,11.359654,14,25,38,0.121112,0.279543,0.641305,0.301984,0.188861,0.000233,0.000391,0.000738,0.000411,0.000311,519.362591,715.311893,868.475956,733.939577,607.560716,3242794.294,1850.995992,2009.678429,2031.543041,2010.178429,2064.956959,22.196557,-58.946336,392741.0669,615.75216,722.205033,543.808266,5420.349121,637.823287,196.170704,2218,9.509863,11.926928,11.977675,11.876181,41.620459,0.994772,2159.573501,1981.332093,2160.073501,2115.167907,22.198658,-58.951685,708457.1337,879.570646,805.457909,9394.007812,1150.555661,197.076907,9.416857,11.895234,11.913525,11.876942,43.897087,0.993615,1628.766944,1664.646064,1629.266944,2431.853936,22.191248,-58.986232,1267052.848,1105.426303,1146.211958,17346.64258,2057.731876,200.221009,9.566085,11.9108,12.074061,11.747539,33.272364,0.995258,1551.257216,1471.116005,1551.757216,2625.383995,22.190173,-59.00721,752137.4426,900.991996,834.788152,9892.583008,1221.493795,200.061894,8.592202,11.875296,12.10699,11.643603,29.83704,0.994032,3012.301888,2093.321322,3012.801888,2003.178678,22.210574,-58.938929,515146.8701,786.630633,654.877713,7171.861328,836.613988,197.689081,8.572624,11.829829,11.695368,11.96429,50.879982,0.987563
27,lsc1m005-fa15-20190803-0176-e91.fits,27,0,58699.79061,2458699.790611,2458699.795605,1.154745,239.979,11.323836,14,25,38,0.121676,0.279528,0.639577,0.303297,0.188688,0.000233,0.00039,0.000735,0.000412,0.00031,522.306445,716.595783,869.691512,737.011006,607.997414,3254368.68,1854.238491,2009.863863,2031.598128,2010.363863,2064.901872,22.196559,-58.946337,395978.6162,615.75216,723.785477,547.093896,5668.060059,643.081165,197.890608,2151,9.632541,11.788682,11.826011,11.751353,42.482657,0.994792,2159.752429,1981.417836,2160.252429,2115.082164,22.19866,-58.951683,710955.6496,881.097479,806.897837,9697.826172,1154.613326,198.103209,9.005124,11.721839,11.708673,11.735004,45.845749,0.994209,1628.955573,1664.722439,1629.455573,2431.777561,22.191251,-58.986232,1269485.317,1107.090994,1146.685615,17557.91992,2061.68228,202.287174,9.449374,11.707859,11.850077,11.56564,34.23257,0.995621,1551.433234,1471.246853,1551.933234,2625.253147,22.190175,-59.007205,757340.0457,902.542933,839.118028,10221.79199,1229.942978,201.897248,8.630026,11.649269,11.867528,11.43101,29.968789,0.994409,3012.461505,2093.377338,3012.961505,2003.122662,22.210577,-58.938929,516587.6678,788.437315,655.204489,7275.51416,838.953886,198.153409,8.542459,11.642953,11.482822,11.803083,52.167208,0.987661
28,lsc1m005-fa15-20190803-0177-e91.fits,28,0,58699.79369,2458699.793688,2458699.798682,1.157471,239.975,11.25844,14,25,38,0.120879,0.279857,0.639125,0.303161,0.188755,0.000233,0.000391,0.000736,0.000412,0.00031,519.814387,716.281594,868.748609,735.554955,608.350281,3250285.617,1853.71155,2009.776101,2031.595546,2010.276101,2064.904454,22.196559,-58.946343,392892.5139,615.75216,721.853629,544.282799,5371.672363,638.069242,198.50076,2262,9.522484,11.808895,11.796168,11.821621,45.900281,0.995294,2159.697552,1981.413345,2160.197552,2115.086655,22.19866,-58.951688,710715.5314,881.012713,806.702924,9407.202148,1154.223367,198.336098,9.044946,11.751019,11.709669,11.792368,47.55163,0.993741,1628.876773,1664.759653,1629.376773,2431.740347,22.191251,-58.986233,1267345.94,1106.719485,1145.13746,17046.13086,2058.207867,201.996487,9.313498,11.741636,11.860293,11.62298,36.437303,0.99529,1551.35962,1471.255769,1551.85962,2625.244231,22.190175,-59.007208,756131.2578,903.27337,837.10124,10013.7334,1227.97987,201.617518,8.633455,11.702197,11.884757,11.519636,31.717508,0.995135,3012.379075,2093.394655,3012.879075,2003.105345,22.210576,-58.938931,516092.8877,786.97669,655.791835,7190.465332,838.150349,198.744588,8.453979,11.64026,11.436024,11.844495,53.995155,0.987099
29,lsc1m005-fa15-20190803-0178-e91.fits,29,0,58699.79677,2458699.796773,2458699.801767,1.160429,239.975,11.378468,14,25,38,0.121271,0.279136,0.641131,0.302978,0.188476,0.000233,0.000391,0.00074,0.000413,0.000311,519.51663,714.178746,866.829228,733.858734,606.06087,3239370.274,1851.977038,2009.74232,2031.78219,2010.24232,2064.71781,22.196559,-58.946338,392842.2041,615.75216,722.045545,544.068455,5490.386719,637.987537,199.069522,2255,9.381536,11.848553,11.874254,11.822851,43.226587,0.995082,2159.696716,1981.588926,2160.196716,2114.911074,22.19866,-58.951683,706902.2036,879.028886,804.185409,9684.788086,1148.030408,199.503922,9.408649,11.75154,11.738854,11.764227,45.821524,0.99433,1628.835794,1664.925275,1629.335794,2431.574725,22.191251,-58.986229,1265505.988,1106.868511,1143.320977,17532.20117,2055.21973,203.779128,9.226461,11.731893,11.881418,11.582368,33.776934,0.995544,1551.319687,1471.430953,1551.819687,2625.069047,22.190175,-59.007204,753241.6973,901.854455,835.214256,10381.61133,1223.287137,202.804009,8.426353,11.675545,11.911211,11.43988,27.26662,0.995163,3012.419615,2093.505133,3012.919615,2002.994867,22.210577,-58.938932,513720.3847,786.528962,653.14872,7163.802734,834.297333,200.429086,9.190904,11.649463,11.500195,11.798731,51.858289,0.988324
30,lsc1m005-fa15-20190803-0179-e91.fits,30,0,58699.79985,2458699.799854,2458699.804848,1.163624,239.975,11.21481,14,25,38,0.120965,0.278993,0.641962,0.301936,0.189031,0.000233,0.00039,0.000739,0.000411,0.000311,519.570214,715.282567,869.215999,734.852272,608.756133,3251531.742,1854.269171,2009.835254,2031.67469,2010.335254,2064.82531,22.196559,-58.946334,393322.7486,615.75216,723.02216,543.998193,5796.566895,638.767956,198.751242,2255,9.430665,11.522505,11.510977,11.534032,45.684748,0.992991,2159.743207,1981.511062,2160.243207,2114.988938,22.19866,-58.951677,709273.0856,880.933409,805.138139,10266.68848,1151.880792,199.544831,9.202702,11.444366,11.463948,11.424783,43.841091,0.99284,1628.919247,1664.827786,1629.419247,2431.672214,22.191251,-58.986226,1271259.623,1108.233727,1147.104254,18559.19531,2064.563805,203.444588,9.162361,11.453556,11.609086,11.298027,34.230044,0.99453,1551.406364,1471.328223,1551.906364,2625.171777,22.190175,-59.007202,754073.5808,902.067264,835.939415,10806.98242,1224.638141,203.094647,8.525915,11.37353,11.583309,11.163751,29.781009,0.994701,3012.493932,2093.454831,3012.993932,2003.045169,22.210577,-58.938922,516925.453,787.63135,656.303806,7749.946777,839.50246,199.107602,8.373941,11.38021,11.250726,11.509693,50.697383,0.986737
31,lsc1m005-fa15-20190803-0180-e91.fits,31,0,58699.80293,2458699.802930,2458699.807924,1.167051,239.979,11.512006,14,25,38,0.120769,0.278618,0.642061,0.303051,0.188375,0.000234,0.000391,0.00074,0.000413,0.000311,516.364488,713.30996,867.544051,733.894134,605.077158,3261391.305,1864.331221,2009.894366,2031.682145,2010.394366,2064.817855,22.19656,-58.946329,393875.1915,615.75216,728.798428,540.444623,5944.863281,639.66514,211.4307,2208,9.489238,11.340695,11.329839,11.351551,45.696943,0.993805,2159.796956,1981.490563,2160.296956,2115.009437,22.19866,-58.951674,710675.3164,885.237485,802.807527,10481.125,1154.158057,212.249147,9.400592,11.287169,11.276966,11.297373,45.567832,0.991679,1629.012185,1664.821982,1629.512185,2431.678018,22.191252,-58.986222,1275233.82,1112.825494,1145.942313,19051.68359,2071.01802,215.00354,9.331527,11.285566,11.410029,11.161103,36.580534,0.994204,1551.521366,1471.346438,1552.021366,2625.153562,22.190177,-59.007194,758503.0082,908.140645,835.226364,11187.24316,1231.831664,214.84169,9.197082,11.231297,11.411103,11.051491,32.525658,0.994241,3012.553834,2093.430446,3013.053834,2003.069554,22.210578,-58.938921,516979.1606,793.086054,651.857586,7918.327148,839.589683,211.226941,8.926784,11.211172,11.03742,11.384925,52.589079,0.985991
32,lsc1m005-fa15-20190803-0181-e91.fits,32,0,58699.80601,2458699.806009,2458699.811003,1.17072,239.974,10.968862,14,25,38,0.120837,0.279407,0.63855,0.303284,0.189344,0.000233,0.00039,0.000734,0.000411,0.000311,519.207443,716.735072,869.807294,737.061948,609.309892,3268969.623,1862.013615,2009.800165,2031.64667,2010.300165,2064.85333,22.196559,-58.94633,395013.0704,615.75216,726.767891,543.520256,6833.872559,641.513089,204.969633,2209,9.289259,11.226785,11.311187,11.142383,39.292721,0.994229,2159.718512,1981.490095,2160.218512,2115.009905,22.19866,-58.951672,713903.3076,884.610017,807.026027,11960.13867,1159.400411,206.039669,8.8654,11.164912,11.220351,11.109474,41.635098,0.992819,1628.910124,1664.802521,1629.410124,2431.697479,22.191251,-58.986222,1273930.974,1111.278469,1146.365209,21637.17969,2068.90216,209.173098,8.799439,11.152633,11.332692,10.972574,31.345065,0.995049,1551.394409,1471.327086,1551.894409,2625.172914,22.190176,-59.007194,760714.2359,906.587745,839.096095,12306.07715,1235.422765,208.071573,8.264653,11.125182,11.344749,10.905616,28.19625,0.994918,3012.448169,2093.418069,3012.948169,2003.081931,22.210577,-58.938918,520421.1053,792.286972,656.85935,8730.767578,845.179504,204.87863,8.11355,11.107939,10.974192,11.241687,50.998223,0.986581
33,lsc1m005-fa15-20190803-0182-e91.fits,33,0,58699.80909,2458699.809085,2458699.814079,1.174626,240.027,11.101866,14,25,38,0.120898,0.279434,0.640621,0.302417,0.188953,0.000234,0.000391,0.000738,0.000412,0.000312,517.454848,714.379913,867.70891,733.520816,606.397844,3258812.793,1862.085113,2009.827547,2031.703597,2010.327547,2064.796403,22.19656,-58.946333,393985.5699,615.75216,727.348657,541.673606,6003.914551,639.844397,208.283789,2229,9.431283,11.407831,11.448932,11.366731,42.315735,0.994069,2159.736964,1981.520766,2160.236964,2114.979234,22.198661,-58.951677,711739.0517,884.882848,804.331391,10685,1155.885595,208.504706,9.345904,11.310477,11.342574,11.278379,42.990592,0.993442,1628.902209,1664.899348,1629.402209,2431.600652,22.191252,-58.986219,1272484.125,1110.873803,1145.480361,19038.5293,2066.552433,213.162542,9.140687,11.315445,11.476102,11.154788,33.079417,0.995067,1551.39145,1471.408372,1551.89145,2625.091628,22.190176,-59.007193,756686.2529,906.778737,834.477278,11103.64648,1228.881199,211.973439,8.400554,11.256373,11.503955,11.008792,26.61363,0.994606,3012.473263,2093.449297,3012.973263,2003.050703,22.210577,-58.938924,517903.3641,792.49923,653.506457,8155.724121,841.090617,209.270924,8.222042,11.28204,11.202171,11.36191,48.779227,0.988415
34,lsc1m005-fa15-20190803-0183-e91.fits,34,0,58699.81216,2458699.812164,2458699.817158,1.178784,239.979,11.427715,14,25,38,0.120731,0.279001,0.640658,0.303641,0.18829,0.000233,0.000391,0.000739,0.000414,0.000311,517.179911,712.973259,867.121739,733.725618,604.70154,3262076.507,1865.675264,2009.928493,2031.701732,2010.428493,2064.798268,22.19656,-58.946333,393833.4401,615.75216,727.426874,541.406228,6251.0625,639.597334,211.169216,2173,9.571262,11.283253,11.294035,11.272472,44.242033,0.994782,2159.824739,1981.51437,2160.324739,2114.98563,22.198661,-58.951678,711588.0529,886.783757,802.43695,10877.50098,1155.640368,211.823748,9.472554,11.227458,11.233417,11.221499,44.623349,0.993482,1629.017253,1664.854238,1629.517253,2431.645762,22.191252,-58.986225,1273803.763,1112.233868,1145.266117,19255.61328,2068.695565,214.522158,9.316508,11.213914,11.332191,11.095637,35.603874,0.995713,1551.508526,1471.361779,1552.008526,2625.138221,22.190177,-59.0072,759794.6777,909.790625,835.131355,11346.73828,1233.929374,214.877451,8.669971,11.158843,11.3682,10.949485,29.457763,0.994722,3012.524268,2093.461597,3013.024268,2003.038403,22.210578,-58.938921,516890.0133,793.458001,651.439664,8293.006836,839.444905,211.076477,9.006414,11.139455,10.997583,11.281328,51.517816,0.987251
35,lsc1m005-fa15-20190803-0184-e91.fits,35,0,58699.81524,2458699.815241,2458699.820235,1.183184,239.975,11.14444,14,25,38,0.120941,0.279084,0.640666,0.302897,0.188832,0.000234,0.000392,0.000739,0.000413,0.000312,515.838177,712.495466,866.533754,733.149428,605.121812,3256208.906,1863.372035,2009.725687,2031.628198,2010.225687,2064.871802,22.19656,-58.946341,393810.5938,615.75216,729.418484,539.896647,6576.514648,639.560231,213.358168,2273,9.415063,11.317463,11.302842,11.332084,46.003835,0.99456,2159.614411,1981.455929,2160.114411,2115.044071,22.19866,-58.951685,710473.7825,886.024519,801.866954,11589.90527,1153.830759,212.505964,8.943931,11.300704,11.305204,11.296204,44.724515,0.993141,1628.796694,1664.799592,1629.296694,2431.700408,22.191251,-58.986233,1271521.755,1111.240189,1144.236653,21299.82422,2064.989516,216.054616,9.038844,11.273652,11.421987,11.125317,34.430381,0.994677,1551.301626,1471.307878,1551.801626,2625.192122,22.190176,-59.007207,757002.2179,907.240142,834.40115,12629.81543,1229.394336,216.238115,8.489204,11.227486,11.423298,11.031674,31.106576,0.994405,3012.362227,2093.402256,3012.862227,2003.097744,22.210577,-58.938927,517211.1504,793.206442,652.051122,8899.613281,839.966441,213.381394,8.407446,11.205879,11.048482,11.363276,51.899976,0.986136
36,lsc1m005-fa15-20190803-0185-e91.fits,36,0,58699.81832,2458699.818320,2458699.823314,1.187846,239.979,11.150179,14,25,38,0.120821,0.279729,0.640571,0.302281,0.188838,0.000234,0.000392,0.000739,0.000413,0.000312,516.049909,713.748934,866.699118,732.527737,605.683812,3260607.372,1865.258488,2009.801672,2031.655601,2010.301672,2064.844399,22.196559,-58.946335,393949.8924,615.75216,729.372074,540.121985,6675.796875,639.786456,213.176559,2263,9.585455,11.290979,11.281131,11.300827,45.514893,0.990579,2159.709675,1981.490217,2160.209675,2115.009783,22.19866,-58.951678,712718.0447,886.796558,803.699606,11801.41309,1157.475509,212.240836,9.153107,11.236161,11.221211,11.251111,45.79273,0.99075,1628.893353,1664.849557,1629.393353,2431.650443,22.191251,-58.986223,1273124.261,1112.759996,1144.113974,21416.61914,2067.592034,217.341575,9.004768,11.21748,11.339866,11.095094,37.484449,0.992922,1551.401849,1471.348756,1551.901849,2625.151244,22.190176,-59.007199,756841.247,908.271228,833.276695,12295.45996,1229.132914,216.380375,8.469577,11.140872,11.321607,10.960137,33.912577,0.992614,3012.437879,2093.408753,3012.937879,2003.091247,22.210577,-58.938925,517923.8196,793.466861,652.735288,9004.170898,841.123837,212.806846,8.393546,11.154839,11.005162,11.304517,51.039456,0.983559
37,lsc1m005-fa15-20190803-0186-e91.fits,37,0,58699.8214,2458699.821403,2458699.826397,1.192762,239.975,11.445966,14,25,38,0.120527,0.278787,0.641527,0.303465,0.188165,0.000236,0.000394,0.000745,0.000417,0.000314,511.398683,707.770955,860.891569,728.425142,599.361345,3229007.904,1860.443763,2009.729079,2031.578986,2010.229079,2064.921014,22.19656,-58.946342,389181.9476,615.75216,727.229601,535.156912,5484.535156,632.043171,215.53023,2186,9.795493,11.616677,11.65538,11.577974,42.795335,0.992488,2159.61231,1981.401979,2160.11231,2115.098021,22.198661,-58.951685,703953.489,883.696734,796.600759,9904.587891,1143.241607,214.931301,9.249777,11.561832,11.571514,11.552149,44.4848,0.991325,1628.822241,1664.751205,1629.322241,2431.748795,22.191252,-58.986233,1261931.629,1109.367305,1137.523725,17859.29297,2049.414863,219.583279,9.437816,11.563122,11.723666,11.402577,35.302986,0.99301,1551.28549,1471.264848,1551.78549,2625.235152,22.190177,-59.007208,751758.369,906.666307,829.145589,10706.07813,1220.878168,217.919579,8.865381,11.526715,11.742616,11.310814,31.748614,0.992958,3012.286129,2093.312145,3012.786129,2003.187855,22.210577,-58.938931,511364.4174,792.206708,645.493673,7613.496582,830.471171,215.385056,8.731186,11.517563,11.385392,11.649733,50.503827,0.985556
38,lsc1m005-fa15-20190803-0187-e91.fits,38,0,58699.82448,2458699.824484,2458699.829478,1.197944,239.979,11.179813,14,25,38,0.120922,0.279691,0.639642,0.302232,0.1894,0.000236,0.000395,0.000743,0.000415,0.000315,512.069704,708.078791,860.34462,727.396436,601.451268,3228596.554,1860.711731,2009.7556,2031.566496,2010.2556,2064.933504,22.196561,-58.94634,390408.3443,615.75216,728.455477,535.939884,5569.254883,634.034876,215.170341,2217,9.472382,11.578771,11.524849,11.632693,48.173773,0.992903,2159.654533,1981.374464,2160.154533,2115.125536,22.198661,-58.951685,705646.3498,885.210966,797.150484,10046.55371,1145.990864,216.583968,8.840613,11.524053,11.472538,11.575568,47.653567,0.990657,1628.85278,1664.713011,1629.35278,2431.786989,22.191253,-58.986234,1259509.87,1108.956606,1135.761186,18286.80859,2045.481854,220.567628,9.067566,11.483767,11.550997,11.416536,41.046031,0.992758,1551.276353,1471.256149,1551.776353,2625.243851,22.190177,-59.007204,749318.1132,905.434037,827.578909,10627.85645,1216.915119,219.160014,8.5882,11.472156,11.610612,11.333699,36.549961,0.993108,3012.368636,2093.270335,3012.868636,2003.229665,22.210578,-58.938932,514122.221,793.129336,648.219903,7588.978027,834.949927,215.270183,8.48434,11.457295,11.238158,11.676433,53.467005,0.982765
39,lsc1m005-fa15-20190803-0188-e91.fits,39,0,58699.82756,2458699.827561,2458699.832555,1.203376,239.975,11.201598,14,25,38,0.120949,0.27891,0.640547,0.303655,0.188414,0.000236,0.000394,0.000744,0.000417,0.000315,511.562239,707.20826,860.44551,728.14193,598.828684,3232543.333,1863.665852,2009.689829,2031.533528,2010.189829,2064.966472,22.196561,-58.946338,390973.5918,615.75216,730.27747,535.376768,5786.24707,634.952855,218.734875,2155,9.344674,11.530813,11.554948,11.506678,43.463588,0.993902,2159.548822,1981.331319,2160.048822,2115.168681,22.198661,-58.951684,704966.5088,885.72634,795.919097,10468.61231,1144.886781,220.134348,9.106294,11.540081,11.541004,11.539157,44.945238,0.992987,1628.742641,1664.667906,1629.242641,2431.832094,22.191252,-58.986233,1262137.707,1109.984955,1137.076409,18458.36523,2049.749539,223.164274,9.291768,11.51862,11.692905,11.344335,33.714139,0.993787,1551.185938,1471.170294,1551.685938,2625.329706,22.190176,-59.007208,752943.4369,908.353943,828.909747,10929.73145,1222.802754,220.644164,8.371764,11.484517,11.725335,11.243699,29.710905,0.99321,3012.206899,2093.208816,3012.706899,2003.291184,22.210576,-58.938934,512495.6809,794.711126,644.882982,7736.949219,832.308377,219.140479,8.713675,11.502166,11.391961,11.612371,49.628552,0.985813
40,lsc1m005-fa15-20190803-0189-e91.fits,40,0,58699.83064,2458699.830638,2458699.835632,1.209088,239.979,10.967244,14,25,38,0.121165,0.279689,0.64056,0.302707,0.188525,0.000236,0.000394,0.000743,0.000415,0.000313,512.728682,709.052952,862.263627,729.603549,601.421568,3241746.265,1864.464641,2009.87453,2031.390944,2010.37453,2065.109056,22.196558,-58.946342,392787.219,615.75216,732.005516,536.590518,6376.04248,637.89824,219.802027,2292,8.507099,11.563879,11.66121,11.466549,38.292765,0.994736,2159.776004,1981.220999,2160.276004,2115.279001,22.198659,-58.951685,708515.8637,887.813967,798.045413,11479.75293,1150.65104,219.696765,8.917279,11.547374,11.620269,11.47448,40.420477,0.993709,1629.008918,1664.561102,1629.508918,2431.938898,22.19125,-58.986234,1265746.282,1111.471008,1138.802788,20600.07617,2055.609975,222.923617,8.7831,11.517074,11.769683,11.264465,27.169676,0.994344,1551.497666,1471.050343,1551.997666,2625.449657,22.190175,-59.007211,753276.2874,907.087939,830.433583,12064.37402,1223.343313,222.124577,8.73149,11.468578,11.763649,11.173507,24.506289,0.993853,3012.498809,2093.09109,3012.998809,2003.40891,22.210575,-58.938935,514207.8314,793.623606,647.924063,8845,835.088961,218.893993,8.695655,11.470843,11.368327,11.573359,49.577157,0.98738
41,lsc1m005-fa15-20190803-0190-e91.fits,41,0,58699.83371,2458699.833713,2458699.838707,1.215071,239.982,11.018964,14,25,38,0.121501,0.279433,0.640247,0.302821,0.188814,0.000237,0.000395,0.000746,0.000417,0.000315,511.669633,706.787236,858.437686,725.79417,598.94451,3222764.572,1861.669814,2009.754227,2031.623019,2010.254227,2064.876981,22.196559,-58.946342,391569.4078,615.75216,731.085469,535.600042,5506.663086,635.920478,219.284746,2247,9.526466,11.761476,11.857701,11.665251,37.64417,0.995849,2159.66391,1981.433084,2160.16391,2115.066916,22.19866,-58.951687,703863.8124,884.421113,795.846913,9684.713867,1143.095969,218.733056,8.787185,11.725791,11.820782,11.6308,38.112685,0.99537,1628.861951,1664.775037,1629.361951,2431.724963,22.191251,-58.986235,1257959.711,1109.755606,1133.546615,17577.36328,2042.964349,224.48834,9.055377,11.716695,11.957798,11.475592,25.81407,0.995608,1551.335871,1471.32502,1551.835871,2625.17498,22.190176,-59.007205,749082.8954,907.106336,825.793918,10316.77832,1216.533118,223.35251,8.357322,11.64905,11.967664,11.330437,21.980319,0.994233,3012.31219,2093.34786,3012.81219,2003.15214,22.210576,-58.938933,511858.1529,793.230345,645.283121,7272.48877,831.273012,219.418261,8.401226,11.644819,11.599799,11.689839,47.345734,0.991063
42,lsc1m005-fa15-20190803-0191-e91.fits,42,0,58699.8368,2458699.836800,2458699.841794,1.221338,239.979,10.842964,14,25,38,0.121258,0.279831,0.638909,0.303068,0.188968,0.000238,0.000396,0.000745,0.000418,0.000316,509.82785,706.159159,858.076677,725.538201,598.563751,3224467.082,1863.72402,2009.507266,2031.57322,2010.007266,2064.92678,22.196558,-58.946339,390993.4241,615.75216,732.859201,533.517794,5812.999512,634.985063,222.622761,2230,9.290028,11.813467,12.003435,11.6235,30.590918,0.995551,2159.375488,1981.365567,2159.875488,2115.134433,22.198659,-58.951686,705020.0868,886.770086,795.042704,9823.391602,1144.973794,221.616497,8.235671,11.755355,11.945486,11.565225,31.723707,0.994766,1628.601108,1664.724824,1629.101108,2431.775176,22.191251,-58.986233,1257019.354,1109.219028,1133.247197,18147.66992,2041.437181,226.173128,9.109218,11.732246,12.057098,11.407393,19.819118,0.994837,1551.080077,1471.240253,1551.580077,2625.259747,22.190175,-59.007208,749947.7814,908.389854,825.579214,10839.97559,1217.937719,224.968008,8.229129,11.700069,12.098971,11.301167,16.931312,0.993272,3012.072588,2093.289198,3012.572588,2003.210802,22.210575,-58.938929,512479.8596,794.711933,644.862419,7695.657715,832.282683,221.796762,8.331813,11.674757,11.715736,11.633778,42.722802,0.992184
43,lsc1m005-fa15-20190803-0192-e91.fits,43,0,58699.83988,2458699.839882,2458699.844876,1.227902,240.031,11.323743,14,25,38,0.121783,0.278361,0.641407,0.30249,0.189408,0.000238,0.000395,0.000747,0.000417,0.000316,511.407338,704.698889,858.546548,725.580335,598.474479,3231250.619,1867.549797,2009.625046,2031.576887,2010.125046,2064.923113,22.19656,-58.946334,393511.1781,615.75216,735.086931,535.326043,5628.515137,639.073971,225.374783,2179,9.440485,11.643037,11.732943,11.553131,38.189519,0.9957,2159.554834,1981.381189,2160.054834,2115.118811,22.198661,-58.951679,703599.2161,887.505909,792.782571,9793.879883,1142.666257,225.731369,9.38793,11.615529,11.704613,11.526444,38.551362,0.995278,1628.720359,1664.738775,1629.220359,2431.761225,22.191252,-58.986227,1262665.215,1112.203619,1135.282419,17862.55273,2050.606229,228.484748,9.387088,11.643433,11.880769,11.406098,24.954959,0.995996,1551.217656,1471.233126,1551.717656,2625.266874,22.190177,-59.007203,750424.3489,908.908004,825.632898,10627.03125,1218.711679,229.186232,8.797389,11.609902,11.926147,11.293657,21.312594,0.994526,3012.16997,2093.267809,3012.66997,2003.232191,22.210576,-58.938926,514561.8385,798.10078,644.73291,7460.757812,835.663879,225.923706,8.762858,11.678682,11.602577,11.754787,50.207641,0.994803
44,lsc1m005-fa15-20190803-0193-e91.fits,44,0,58699.84296,2458699.842960,2458699.847954,1.234736,239.975,11.231976,14,25,38,0.121307,0.278711,0.640363,0.303164,0.189092,0.000238,0.000396,0.000747,0.000418,0.000316,510.662699,703.901723,857.275565,725.006465,597.883543,3231639.939,1870.164356,2009.784335,2031.656979,2010.284335,2064.843021,22.196561,-58.946336,392019.4445,615.75216,733.380703,534.537441,5796.558594,636.651351,229.192144,2228,9.652918,11.552893,11.645646,11.460139,37.993965,0.995603,2159.68049,1981.44823,2160.18049,2115.05177,22.198662,-58.951682,704375.3248,889.445923,791.92597,9896.948242,1143.926681,230.001287,9.001332,11.524261,11.602009,11.446514,39.776003,0.994464,1628.889176,1664.81192,1629.389176,2431.68808,22.191253,-58.98623,1261563.671,1113.453342,1133.018891,18112.19531,2048.817289,233.583934,9.267653,11.531725,11.76915,11.2943,26.920751,0.995133,1551.346417,1471.35201,1551.846417,2625.14799,22.190177,-59.007202,751798.8251,911.108463,825.147451,10568.97656,1220.94387,231.58124,8.460736,11.473777,11.761243,11.18631,22.90442,0.994839,3012.363078,2093.371209,3012.863078,2003.128791,22.210578,-58.938924,513902.1174,797.811814,644.139518,7425.729492,834.592472,227.770579,8.453497,11.505089,11.468811,11.541367,46.771132,0.989582
45,lsc1m005-fa15-20190803-0194-e91.fits,45,0,58699.84604,2458699.846041,2458699.851035,1.241874,239.979,10.99236,14,25,38,0.121247,0.279431,0.640024,0.303697,0.188205,0.000239,0.000397,0.000747,0.000419,0.000316,508.137052,704.381515,856.553766,724.846944,595.565358,3224196.646,1867.366337,2009.41322,2031.461745,2009.91322,2065.038255,22.19656,-58.946336,390922.5792,615.75216,735.254274,531.683518,5545.286133,634.870009,228.476813,2246,8.471534,11.582513,11.634698,11.530329,42.152791,0.991753,2159.308827,1981.220125,2159.808827,2115.279875,22.198661,-58.951686,704172.7782,888.097088,792.900673,9757.814453,1143.597739,228.456114,8.789267,11.574999,11.586236,11.563763,44.407525,0.991185,1628.545207,1664.615565,1629.045207,2431.884435,22.191253,-58.98623,1258252.346,1111.581267,1131.948138,17916.84961,2043.439598,232.069602,9.170738,11.525636,11.696203,11.355068,33.797512,0.993972,1550.973781,1471.11685,1551.473781,2625.38315,22.190176,-59.007206,751077.8569,910.209413,825.170391,10567.96484,1219.772996,230.61934,8.628899,11.505193,11.736049,11.274337,30.553449,0.993107,3011.973098,2093.134847,3012.473098,2003.365153,22.210576,-58.938929,510693.6646,796.39595,641.255979,7578.75,829.381848,228.886624,8.669386,11.497049,11.366603,11.627495,50.23581,0.984415
46,lsc1m005-fa15-20190803-0195-e91.fits,46,0,58699.84912,2458699.849119,2458699.854113,1.249318,239.975,10.937732,14,25,38,0.121618,0.279243,0.64034,0.302092,0.189537,0.00024,0.000399,0.000752,0.00042,0.000319,506.094077,699.59627,851.525848,719.060506,593.68173,3199511.206,1864.504673,2009.479481,2031.636008,2009.979481,2064.863992,22.196559,-58.946341,389117.8073,615.75216,734.66587,529.652762,5414.337402,631.939005,230.909797,2208,8.817769,11.735506,11.845463,11.625549,39.136614,0.991501,2159.374637,1981.419934,2159.874637,2115.080066,22.19866,-58.951688,698414.0857,887.077898,787.319905,9572.616211,1134.24545,231.000597,8.512693,11.724307,11.834228,11.614386,39.439935,0.990549,1628.628737,1664.826913,1629.128737,2431.673087,22.191253,-58.986232,1248993.597,1109.301862,1125.927612,17302.11914,2028.403111,236.004465,9.127451,11.704029,11.92485,11.483208,32.531245,0.991996,1551.054566,1471.349587,1551.554566,2625.150413,22.190176,-59.007205,742303.8452,907.525284,817.942881,10365.35352,1205.523737,234.411567,8.768162,11.678909,11.980665,11.377154,28.771947,0.99074,3012.028326,2093.330253,3012.528326,2003.169747,22.210576,-58.938929,509799.6779,797.068201,639.593547,7283.556641,827.929987,230.395976,8.470223,11.672754,11.645564,11.699944,46.11589,0.985689
47,lsc1m005-fa15-20190803-0196-e91.fits,47,0,58699.85221,2458699.852205,2458699.857199,1.257078,239.975,11.10443,14,25,38,0.121316,0.279839,0.639783,0.303859,0.187844,0.000241,0.000401,0.000753,0.000423,0.000319,502.773682,698.530703,849.623938,718.400749,589.167718,3196268.248,1867.18415,2009.695836,2031.655425,2010.195836,2064.844575,22.196561,-58.946337,387757.2236,615.75216,737.220785,525.971638,5213.605957,629.729376,236.801971,2227,9.366393,11.727459,11.837604,11.617314,38.80986,0.992325,2159.591207,1981.473178,2160.091207,2115.026822,22.198661,-58.95168,698869.8653,888.708458,786.388223,9087.177734,1134.985649,236.239608,8.974913,11.713206,11.834339,11.592072,38.7362,0.99091,1628.812806,1664.834595,1629.312806,2431.665405,22.191253,-58.986229,1247066.83,1109.672937,1123.814764,16579.4707,2025.273984,240.924388,9.225425,11.693945,11.922517,11.465374,31.753793,0.992326,1551.24688,1471.341646,1551.74688,2625.158354,22.190177,-59.007204,744877.3555,910.924836,817.715497,9808.067383,1209.703195,240.635049,8.486768,11.692372,11.946556,11.438188,31.44756,0.990902,3012.222795,2093.350712,3012.722795,2003.149288,22.210576,-58.938924,505454.197,797.129752,634.09275,6766.283203,820.872796,236.753635,8.53092,11.653437,11.640785,11.66609,45.513339,0.985314
48,lsc1m005-fa15-20190803-0197-e91.fits,48,0,58699.85529,2458699.855286,2458699.860280,1.265154,239.971,10.809636,14,25,38,0.121647,0.278695,0.640417,0.303911,0.188456,0.000241,0.0004,0.000753,0.000423,0.000319,504.346749,697.182324,850.010201,718.890184,589.988612,3205327.876,1872.06758,2009.725961,2031.642941,2010.225961,2064.857059,22.196562,-58.946337,389919.2597,615.75216,738.815783,527.762493,5999.350586,633.240588,241.520293,2214,9.106265,11.448601,11.411049,11.486153,47.223637,0.992843,2159.632625,1981.438833,2160.132625,2115.061167,22.198662,-58.951682,698610.2067,890.800513,784.249893,10344.37109,1134.563956,242.200427,8.606012,11.375381,11.340457,11.410305,46.979145,0.992088,1628.829256,1664.816784,1629.329256,2431.683216,22.191254,-58.98623,1251356.531,1112.387288,1124.928831,18548.36328,2032.240586,245.568209,8.891189,11.386555,11.491746,11.281364,37.984854,0.994193,1551.290955,1471.311541,1551.790955,2625.188459,22.190178,-59.007207,747085.8066,912.823272,818.434225,10785.17383,1213.289786,244.81769,8.209975,11.356105,11.520562,11.191647,33.29159,0.994691,3012.263844,2093.345139,3012.763844,2003.154861,22.210578,-58.938922,508275.332,800.28724,635.116126,7726.275391,825.454404,240.713681,8.130308,11.308929,11.163988,11.45387,51.365979,0.986477
49,lsc1m005-fa15-20190803-0198-e91.fits,49,0,58699.85838,2458699.858382,2458699.863376,1.27357,239.975,10.664482,14,25,38,0.121643,0.279728,0.639202,0.302911,0.189034,0.000241,0.0004,0.000751,0.000421,0.00032,504.688742,699.948397,851.635064,719.602434,591.08022,3220156.556,1877.001466,2009.718,2031.723207,2010.218,2064.776793,22.196562,-58.946334,391709.2985,615.75216,741.796476,528.054946,6168.644531,636.147664,243.144405,2106,9.066182,11.224576,11.220995,11.228157,45.284295,0.995865,2159.615374,1981.506462,2160.115374,2114.993538,22.198663,-58.951681,703874.5552,893.317091,787.933604,11004.99316,1143.113416,242.054964,9.003381,11.169735,11.134205,11.205265,47.80198,0.995756,1628.81702,1664.902144,1629.31702,2431.597856,22.191255,-58.986228,1255690.657,1114.427242,1126.758759,19178.04102,2039.279337,247.352724,8.642498,11.145349,11.242106,11.048592,35.795257,0.996978,1551.275865,1471.416083,1551.775865,2625.083917,22.190179,-59.007203,748646.7975,914.206713,818.903195,11563.77539,1215.824882,245.800347,7.844377,11.108275,11.266786,10.949763,30.236072,0.996648,3012.243237,2093.400802,3012.743237,2003.099198,22.210578,-58.938922,511944.5468,804.609896,636.264293,8107.314453,831.413318,242.900895,7.956338,11.085528,10.929588,11.241467,53.353416,0.990426
50,lsc1m005-fa15-20190803-0199-e91.fits,50,0,58699.86146,2458699.861462,2458699.866456,1.282305,239.975,10.957921,14,25,38,0.121624,0.280422,0.640327,0.302297,0.188356,0.000242,0.000402,0.000754,0.000422,0.00032,502.703114,697.346292,848.796671,716.300071,588.556951,3205379.338,1875.221989,2009.762105,2031.722579,2010.262105,2064.777421,22.196562,-58.946331,389851.365,615.75216,741.214589,525.962887,5765.940918,633.130325,245.507506,2199,9.2325,11.37775,11.360567,11.394934,46.025758,0.992881,2159.670891,1981.493537,2160.170891,2115.006463,22.198663,-58.951679,702002.4989,894.297106,784.97682,10076.87207,1140.07314,245.460192,9.074618,11.325002,11.344017,11.305986,43.960646,0.991429,1628.89453,1664.877863,1629.39453,2431.622137,22.191255,-58.986228,1251268.794,1113.387173,1123.839778,18010.52344,2032.098098,250.13009,9.063737,11.342886,11.4724,11.213373,36.950648,0.99322,1551.362987,1471.363773,1551.862987,2625.136227,22.190179,-59.007207,744051.5671,913.148432,814.819958,10613.60254,1208.36209,247.936449,8.359767,11.274776,11.466882,11.08267,32.240876,0.993746,3012.288319,2093.365861,3012.788319,2003.134139,22.210578,-58.938922,508056.4788,802.009439,633.479426,7420.02832,825.098979,244.81695,8.394501,11.274896,11.164355,11.385437,49.582889,0.98485
51,lsc1m005-fa15-20190803-0200-e91.fits,51,0,58699.86454,2458699.864539,2458699.869533,1.291355,239.978,10.982733,14,25,38,0.122133,0.279152,0.640795,0.303412,0.188277,0.000243,0.000401,0.000756,0.000424,0.00032,503.5456,695.919217,847.712,715.952804,588.342421,3200149.441,1874.274199,2009.624613,2031.698382,2010.124613,2064.801618,22.196561,-58.94633,390844.5652,615.75216,741.662263,526.984565,5667.625488,634.743311,247.593175,2335,9.026062,11.570779,11.685755,11.455804,38.04517,0.993167,2159.536232,1981.486594,2160.036232,2115.013406,22.198662,-58.951676,698375.2425,891.795503,783.111419,9750.30957,1134.182367,247.794767,8.862303,11.456059,11.590717,11.321401,36.758593,0.993137,1628.745777,1664.872125,1629.245777,2431.627875,22.191254,-58.986224,1249784.743,1113.761444,1122.129652,17606.08398,2029.687955,251.883706,9.080114,11.459206,11.754317,11.164094,25.728706,0.993176,1551.165327,1471.370884,1551.665327,2625.129116,22.190177,-59.0072,744939.5105,914.439213,814.640821,10749.17188,1209.804137,249.792203,8.49472,11.42075,11.786327,11.055172,22.267074,0.991951,3012.14166,2093.35755,3012.64166,2003.14245,22.210577,-58.938919,507049.9451,800.587862,633.34703,7400.878906,823.464338,247.296774,8.492546,11.447843,11.487198,11.408487,43.125814,0.988939
52,lsc1m005-fa15-20190803-0201-e91.fits,52,0,58699.86762,2458699.867617,2458699.872611,1.300748,239.978,10.916897,14,25,38,0.121373,0.278959,0.639671,0.303733,0.188768,0.000242,0.000401,0.000755,0.000424,0.000321,500.816922,695.543029,847.736374,716.00114,587.94609,3207077.375,1878.72874,2009.642699,2031.650265,2010.142699,2064.849735,22.196562,-58.946337,389252.2605,615.75216,743.032631,523.869672,5841.693848,632.157361,250.039809,2177,9.038439,11.463994,11.583266,11.344723,36.376325,0.995076,2159.521578,1981.460526,2160.021578,2115.039474,22.198662,-58.95168,699508.2609,893.833368,782.593586,10156.34766,1136.022423,250.067541,8.826185,11.433587,11.557382,11.309792,36.816095,0.994096,1628.761296,1664.832935,1629.261296,2431.667065,22.191254,-58.986232,1251150.353,1114.564828,1122.546058,18082.08984,2031.905747,254.722535,9.015642,11.415868,11.658475,11.173261,27.332953,0.994604,1551.177227,1471.352493,1551.677227,2625.147507,22.190178,-59.007207,747158.3845,916.994219,814.790725,10806.9502,1213.407655,253.256288,8.21891,11.370298,11.697267,11.043328,22.287259,0.993492,3012.151502,2093.318185,3012.651502,2003.181815,22.210578,-58.938924,509260.377,804.705187,632.853354,7524.146973,827.054146,249.318375,8.502574,11.387777,11.382905,11.392648,45.236541,0.989263
53,lsc1m005-fa15-20190803-0202-e91.fits,53,0,58699.8707,2458699.870699,2458699.875693,1.310524,239.978,10.959506,14,25,38,0.121963,0.279577,0.639608,0.303207,0.188704,0.000244,0.000404,0.000757,0.000425,0.000322,500.135129,692.591854,844.390336,712.948948,585.246983,3193577.298,1878.575863,2009.637128,2031.668875,2010.137128,2064.831125,22.196561,-58.94634,389498.6513,615.75216,744.321395,523.293639,5516.274414,632.557507,253.264268,2191,9.233536,11.689208,11.826405,11.552011,35.148085,0.995154,2159.467907,1981.4691,2159.967907,2115.0309,22.198661,-58.951685,697770.9962,895.457398,779.234163,9720.902344,1133.201053,252.764356,8.211277,11.620617,11.76831,11.472924,35.591513,0.993791,1628.751415,1664.850459,1629.251415,2431.649541,22.191254,-58.986235,1245807.972,1113.812404,1118.5079,17214.31445,2023.22956,256.970724,9.215588,11.624569,11.911653,11.337486,24.985818,0.99411,1551.168052,1471.36509,1551.668052,2625.13491,22.190177,-59.00721,743025.2313,915.874784,811.273817,10287.67481,1206.69529,255.633836,8.487004,11.593544,11.948811,11.238278,22.642588,0.992427,3012.095165,2093.359765,3012.595165,2003.140235,22.210576,-58.938925,506973.0987,804.859386,629.890273,7254.98291,823.339538,253.147502,8.733226,11.576893,11.626415,11.527372,42.435377,0.990843
54,lsc1m005-fa15-20190803-0203-e91.fits,54,0,58699.87379,2458699.873793,2458699.878787,1.320695,240.027,10.90545,14,25,38,0.121607,0.279102,0.640468,0.303612,0.188326,0.000244,0.000403,0.000759,0.000426,0.000323,498.096709,691.849286,843.55938,712.945462,583.616956,3194455.634,1880.918726,2009.554931,2031.609468,2010.054931,2064.890532,22.19656,-58.94634,388468.0995,615.75216,745.609181,521.007667,5528.683105,630.88386,256.341517,2179,9.25403,11.660892,11.76911,11.552675,36.971469,0.995498,2159.454692,1981.411659,2159.954692,2115.088341,22.198661,-58.951685,697034.8741,895.501777,778.373524,9615.273438,1132.005569,257.961135,8.387712,11.651529,11.747866,11.555193,38.255803,0.994974,1628.726428,1664.76786,1629.226428,2431.73214,22.191254,-58.986238,1247172.115,1116.045666,1117.492011,17388.59961,2025.444969,260.745114,9.019392,11.652352,11.880565,11.42414,27.609229,0.995289,1551.138833,1471.285012,1551.638833,2625.214988,22.190177,-59.007213,743990.9435,916.694016,811.602269,10212.63477,1208.263636,258.49701,8.529553,11.636705,11.927442,11.345968,24.162215,0.994359,3012.046015,2093.260201,3012.546015,2003.239799,22.210576,-58.938929,506257.7017,806.254286,627.913191,7273.885254,822.177711,257.143271,8.377059,11.607301,11.598528,11.616074,45.411968,0.988949
55,lsc1m005-fa15-20190803-0204-e91.fits,55,0,58699.87687,2458699.876870,2458699.881864,1.33119,239.979,10.847802,14,25,38,0.121663,0.279958,0.640148,0.302744,0.188478,0.000246,0.000406,0.000762,0.000427,0.000324,495.06485,689.150264,839.750469,708.306007,581.2107,3174175.477,1877.898182,2009.279783,2031.653262,2009.779783,2064.846738,22.196559,-58.946344,386180.2017,615.75216,745.851412,517.77096,5045.569336,627.168245,258.16955,2182,8.985145,12.015987,12.211742,11.820231,27.772492,0.996685,2159.180812,1981.453667,2159.680812,2115.046333,22.19866,-58.951689,694269.1882,895.165421,775.576415,8906.478516,1127.514012,258.870791,8.7586,11.972206,12.187368,11.757045,29.585967,0.995084,1628.426963,1664.834621,1628.926963,2431.665379,22.191252,-58.986241,1238877.413,1113.174566,1112.922852,16148.56641,2011.974124,261.960229,8.403266,11.946548,12.264584,11.628513,18.501581,0.995561,1550.903985,1471.357348,1551.403985,2625.142652,22.190177,-59.007216,737644.1016,915.51048,805.718905,9609.902344,1197.956174,262.021264,8.525413,11.923194,12.34555,11.500838,14.241803,0.993519,3011.813134,2093.349424,3012.313134,2003.150576,22.210576,-58.938927,503384.774,804.899619,625.400686,6680.029785,817.51199,257.447918,8.661136,11.873482,11.943854,11.803111,40.974358,0.992838
56,lsc1m005-fa15-20190803-0205-e91.fits,56,0,58699.87995,2458699.879947,2458699.884941,1.342082,239.975,10.842356,14,25,38,0.121926,0.278997,0.640674,0.302897,0.188903,0.000246,0.000406,0.000762,0.000427,0.000324,495.465589,687.873573,840.306043,709.091839,582.282038,3181127.741,1881.116574,2009.502151,2031.639136,2010.002151,2064.860864,22.19656,-58.946336,387861.1802,615.75216,748.468659,518.206308,5476.577637,629.898205,262.663589,2254,9.148535,11.69864,11.880553,11.516727,27.635651,0.997021,2159.367594,1981.419083,2159.867594,2115.080917,22.198661,-58.951682,693922.7101,897.147661,773.476587,9413.851562,1126.951321,263.204413,8.336352,11.666086,11.812126,11.520045,31.635318,0.996902,1628.630285,1664.811875,1629.130285,2431.688125,22.191253,-58.986233,1242212.887,1114.952633,1114.139605,16805.99805,2017.391034,267.071578,8.976219,11.670808,11.970867,11.370749,16.642571,0.996221,1551.075939,1471.318006,1551.575939,2625.181994,22.190177,-59.007209,739547.9174,916.610415,806.829058,10216.52246,1201.048028,264.635408,8.562278,11.650994,12.032135,11.269852,12.810737,0.994746,3011.932191,2093.296489,3012.432191,2003.203511,22.210576,-58.938922,505444.2271,806.493405,626.718363,7321.742676,820.856604,261.664271,8.340592,11.641942,11.671684,11.6122,43.051667,0.994347
57,lsc1m005-fa15-20190803-0206-e91.fits,57,0,58699.88303,2458699.883028,2458699.888022,1.353373,239.975,11.126121,14,25,38,0.12177,0.279711,0.640272,0.303319,0.188148,0.000246,0.000406,0.000763,0.000428,0.000325,495.137842,688.187694,839.020774,708.294946,578.655377,3180215.11,1883.706373,2009.57571,2031.595457,2010.07571,2064.904543,22.196561,-58.946337,387255.5486,615.75216,747.724249,517.91225,5278.591309,628.914641,265.791128,2121,9.562418,11.735988,11.863321,11.608655,31.673462,0.997661,2159.466107,1981.375151,2159.966107,2115.124849,22.198661,-58.951684,695110.3601,897.571741,774.43432,8975.707031,1128.8801,266.010857,8.602804,11.719358,11.824731,11.613985,35.385961,0.997019,1628.737915,1664.774651,1629.237915,2431.725349,22.191254,-58.986234,1241380.771,1115.675437,1112.671956,16303.18359,2016.039653,270.438412,9.233666,11.706181,11.953293,11.459069,21.561764,0.996657,1551.179768,1471.262798,1551.679768,2625.237202,22.190178,-59.007213,740125.1261,918.150013,806.104793,9770.495117,1201.985432,268.703279,8.7709,11.680456,11.989919,11.370994,18.094381,0.995696,3012.044246,2093.253011,3012.544246,2003.246989,22.210576,-58.938922,503598.8525,809.310535,622.256638,6861.325684,817.85966,265.939469,8.618463,11.664216,11.677849,11.650583,44.213315,0.992752
58,lsc1m005-fa15-20190803-0207-e91.fits,58,0,58699.88611,2458699.886106,2458699.891100,1.36505,239.979,11.669658,14,25,38,0.121408,0.279833,0.639899,0.302882,0.188601,0.000247,0.000407,0.000764,0.000429,0.000326,491.862655,686.974214,837.278423,706.657088,579.037924,3176635.473,1884.96826,2009.652865,2031.665386,2010.152865,2064.834614,22.196561,-58.946339,385669.7371,615.75216,749.960602,514.25333,5081.56543,626.339235,269.571678,2220,9.79082,11.822045,11.981766,11.662324,29.474816,0.997257,2159.556196,1981.478305,2160.056196,2115.021695,22.198662,-58.951682,694565.4546,898.443182,773.07666,8519.356445,1127.995157,268.563766,9.525789,11.825913,11.978343,11.673483,32.210481,0.996436,1628.812188,1664.855897,1629.312188,2431.644103,22.191254,-58.986235,1239543.32,1117.017571,1109.690082,15659.09375,2013.055577,273.85868,9.717993,11.809002,12.104918,11.513086,19.354016,0.99588,1551.255257,1471.351585,1551.755257,2625.148415,22.190178,-59.007213,738475.269,918.42695,804.06533,9283.489258,1199.306014,272.69003,9.021278,11.757215,12.109452,11.404979,16.023644,0.995012,3012.142459,2093.337711,3012.642459,2003.162289,22.210577,-58.938922,504051.4296,809.116106,622.965512,6495.291992,818.594659,268.883626,9.166292,11.766391,11.759068,11.773713,45.433503,0.993234
59,lsc1m005-fa15-20190803-0208-e91.fits,59,0,58699.88919,2458699.889186,2458699.894180,1.377168,239.975,11.806466,14,25,38,0.121263,0.279714,0.639366,0.30304,0.188852,0.000248,0.000409,0.000766,0.000431,0.000328,488.837187,683.951634,834.18043,702.899826,576.077238,3166630.046,1887.148992,2009.505251,2031.728215,2010.005251,2064.771785,22.196561,-58.946331,383995.3084,615.75216,751.455816,511.001845,4825.039551,623.619913,275.980661,2151,9.71787,11.937999,12.090246,11.785751,29.599617,0.99752,2159.418387,1981.497536,2159.918387,2115.002464,22.198662,-58.951679,692148.2939,899.305122,769.647895,8231.488281,1124.069616,275.826147,9.049261,11.934943,12.089946,11.77994,31.359527,0.99679,1628.701459,1664.898344,1629.201459,2431.601656,22.191254,-58.986229,1235011.305,1115.80728,1106.832091,14661.41309,2005.695449,280.419467,9.993149,11.941332,12.245693,11.63697,16.972544,0.996229,1551.188379,1471.400587,1551.688379,2625.099413,22.190179,-59.007207,736444.217,921.197153,799.442567,9093.492188,1196.007525,279.787262,9.248517,11.867715,12.228393,11.507037,15.054238,0.995072,3011.991014,2093.373589,3012.491014,2003.126411,22.210577,-58.938918,503026.2293,811.758299,619.674884,6307.087891,816.929703,274.173473,9.353876,11.879073,11.928405,11.829741,42.076371,0.993354
60,lsc1m005-fa15-20190803-0209-e91.fits,60,0,58699.89227,2458699.892270,2458699.897264,1.389713,239.974,11.604772,14,25,38,0.121386,0.280099,0.640624,0.302385,0.188405,0.000249,0.000412,0.000771,0.000432,0.000329,486.824753,680.649849,830.655862,700.092105,572.855723,3150094.497,1885.513556,2009.540589,2031.600243,2010.040589,2064.899757,22.196561,-58.946338,382375.9307,615.75216,751.363102,508.909646,4663.745117,620.989995,279.83013,2224,9.827022,12.097437,12.165707,12.029167,37.191686,0.998242,2159.440391,1981.325935,2159.940391,2115.174065,22.198661,-58.951691,689273.3507,900.076433,765.794243,8166.31543,1119.400621,278.798379,9.050894,12.072674,12.145905,11.999443,38.119801,0.997399,1628.720509,1664.732993,1629.220509,2431.767007,22.191254,-58.986241,1230036.053,1115.554493,1102.62301,14538.44434,1997.615489,283.114489,9.666151,12.095521,12.314312,11.87673,21.042578,0.997625,1551.19677,1471.210022,1551.69677,2625.289978,22.190179,-59.007222,731381.535,918.386269,796.376818,8596.167969,1187.785577,282.669976,8.791651,12.043767,12.314395,11.773139,18.326403,0.996865,3011.993231,2093.225082,3012.493231,2003.274918,22.210576,-58.938926,499403.5585,810.634701,616.064866,6181.487793,811.046377,278.862349,8.881676,12.016357,11.972249,12.060464,47.827293,0.994449
61,lsc1m005-fa15-20190803-0210-e91.fits,61,0,58699.89535,2458699.895351,2458699.900345,1.40271,239.978,12.272087,14,25,38,0.121422,0.279177,0.639382,0.302668,0.189618,0.000254,0.000417,0.000781,0.000439,0.000335,478.942004,670.209255,818.909876,690.192818,565.985357,3086363.625,1873.987418,2009.554609,2031.670334,2010.054609,2064.829666,22.19656,-58.946359,374751.1286,615.75216,748.640151,500.575782,3655.645508,608.607087,281.411536,2188,10.462674,12.83705,13.14133,12.532771,21.598979,0.995776,2159.480897,1981.441661,2159.980897,2115.058339,22.198661,-58.951708,673590.796,893.673276,753.732727,6475.681641,1093.931682,280.600991,9.799352,12.854839,13.094317,12.615362,27.279113,0.995874,1628.731389,1664.847342,1629.231389,2431.652658,22.191253,-58.98626,1203724.664,1107.379839,1087.00251,11135.88281,1954.885005,286.943637,10.061768,12.830898,13.228621,12.433175,16.248,0.994608,1551.233851,1471.316841,1551.733851,2625.183159,22.190178,-59.007243,717099.5886,913.343806,785.136532,6863.458496,1164.591268,285.083681,9.885344,12.794999,13.225131,12.364868,15.820863,0.993777,3012.059606,2093.313842,3012.559606,2003.186158,22.210578,-58.938948,491948.5758,807.892258,608.928444,4949.074219,798.939261,279.822413,9.546525,12.799653,12.974075,12.625232,35.187088,0.993418
62,lsc1m005-fa15-20190803-0211-e91.fits,62,0,58699.89843,2458699.898429,2458699.903423,1.41614,239.974,11.883228,14,25,38,0.121951,0.279487,0.63958,0.3029,0.189052,0.000253,0.000416,0.000779,0.000438,0.000334,482.22899,672.326377,821.506565,691.584011,566.439358,3103968.2,1879.550917,2009.423292,2031.527719,2009.923292,2064.972281,22.196558,-58.946352,378532.6695,615.75216,750.753314,504.203794,4192.468262,614.748423,282.432198,2164,9.609095,12.632223,12.944852,12.319595,23.137261,0.994878,2159.403347,1981.302023,2159.903347,2115.197977,22.19866,-58.951699,678020.9797,896.578059,756.231957,7062.046875,1101.126433,283.306841,9.302469,12.599607,12.856449,12.342766,27.48438,0.99496,1628.655036,1664.732774,1629.155036,2431.767226,22.191253,-58.986246,1210820.372,1109.384173,1091.434691,12765.90234,1966.408648,288.396807,9.758806,12.579924,13.004491,12.155358,17.42434,0.99325,1551.147669,1471.173084,1551.647669,2625.326916,22.190177,-59.007231,721614.014,917.522673,786.480853,7720.961914,1171.92283,287.142326,9.064294,12.552372,13.014558,12.090186,15.69833,0.992577,3012.001693,2093.161032,3012.501693,2003.338968,22.210576,-58.93894,493512.834,810.110077,609.192316,5453.228516,801.479663,282.518615,9.409388,12.557424,12.758447,12.356401,34.324807,0.99227
63,lsc1m005-fa15-20190803-0212-e91.fits,63,0,58699.90151,2458699.901505,2458699.906499,1.430034,239.978,11.710516,14,25,38,0.121683,0.279442,0.640399,0.302928,0.188638,0.000253,0.000416,0.00078,0.000438,0.000334,481.352411,671.561774,820.653711,691.875851,565.36752,3094419.621,1875.329544,2009.440098,2031.569518,2009.940098,2064.930482,22.196558,-58.946354,376539.0778,615.75216,748.228106,503.241023,4047.138672,611.51077,280.183726,2159,9.517211,12.665194,12.977594,12.352794,25.451786,0.993888,2159.336949,1981.350957,2159.836949,2115.149043,22.198659,-58.9517,675850.1871,894.826257,755.286495,7267.589355,1097.601001,280.920962,9.201462,12.620023,12.900881,12.339164,27.435814,0.994022,1628.608521,1664.708588,1629.108521,2431.791412,22.191251,-58.986256,1208036.987,1108.321939,1089.969389,12668.25879,1961.888346,284.034495,9.669963,12.611011,13.023032,12.19899,19.562419,0.992921,1551.11237,1471.202144,1551.61237,2625.297856,22.190176,-59.007234,719445.1053,913.892295,787.231831,7804.604004,1168.400457,282.101001,9.005323,12.574075,13.04889,12.099261,17.754428,0.991417,3011.944204,2093.207533,3012.444204,2003.292467,22.210575,-58.938941,491087.3413,807.818185,607.918156,5430.564941,797.54059,279.514224,9.275394,12.548314,12.705681,12.390946,36.713922,0.992269
64,lsc1m005-fa15-20190803-0213-e91.fits,64,0,58699.90458,2458699.904581,2458699.909575,1.444424,240.027,11.548461,14,25,38,0.121294,0.27914,0.640733,0.302999,0.188664,0.000251,0.000414,0.000777,0.000436,0.000332,482.862261,674.986356,824.441679,694.709774,569.072909,3113941.022,1878.06364,2009.513998,2031.587009,2010.013998,2064.912991,22.196559,-58.946351,377702.9321,615.75216,748.312082,504.739855,4555.141602,613.400905,278.94034,2225,9.832693,12.26397,12.546055,11.981886,25.906491,0.994469,2159.413111,1981.362195,2159.913111,2115.137805,22.19866,-58.951698,679538.1073,895.056287,759.212708,7895.152344,1103.590294,277.999814,9.028055,12.243416,12.514317,11.972515,29.041795,0.993001,1628.722602,1664.738268,1629.222602,2431.761732,22.191253,-58.986254,1216045.233,1110.997192,1094.552932,14172.36621,1974.893979,282.69993,9.420701,12.258229,12.64113,11.875328,20.956939,0.992966,1551.16968,1471.230686,1551.66968,2625.269314,22.190177,-59.007234,724114.4273,916.361696,790.20591,8644.97168,1175.983576,281.247395,8.750155,12.239229,12.69744,11.781017,18.345187,0.991305,3011.983033,2093.236071,3012.483033,2003.263929,22.210576,-58.938935,494243.2541,807.44273,612.109362,5900.225098,802.665888,277.249796,9.000183,12.220352,12.34275,12.097955,39.226519,0.989987
65,lsc1m005-fa15-20190803-0214-e91.fits,65,0,58699.90766,2458699.907664,2458699.912658,1.459324,239.979,11.703403,14,25,38,0.121306,0.279601,0.640765,0.302705,0.188494,0.000251,0.000413,0.000776,0.000435,0.000331,483.208352,676.242888,825.495826,695.964593,568.768417,3117814.61,1878.025175,2009.634838,2031.71536,2010.134838,2064.78464,22.196561,-58.946354,378209.0245,615.75216,748.816022,505.076031,4597.468262,614.222814,277.951836,2162,9.835286,12.153595,12.338692,11.968498,25.387119,0.997681,2159.517009,1981.491205,2160.017009,2115.008795,22.198662,-58.951701,681261.8714,895.465407,760.790831,8221.417969,1106.389738,277.738038,9.308235,12.11147,12.27293,11.95001,28.824578,0.997518,1628.81956,1664.852667,1629.31956,2431.647333,22.191255,-58.986259,1217594.859,1110.956677,1095.987705,14466.60254,1977.410617,282.581576,9.598109,12.126648,12.411679,11.841617,15.233501,0.997029,1551.289627,1471.376431,1551.789627,2625.123569,22.190179,-59.007235,724475.4286,914.953258,791.816874,8779.830078,1176.569853,280.245942,8.906844,12.059921,12.411186,11.708656,12.124957,0.995925,3012.032992,2093.401003,3012.532992,2003.098997,22.210577,-58.938934,494482.4517,808.55183,611.565559,6138.104492,803.054352,277.222657,9.32008,12.024289,12.097505,11.951072,39.750726,0.995533
66,lsc1m005-fa15-20190803-0215-e91.fits,66,0,58699.91075,2458699.910746,2458699.915740,1.47479,240.023,11.93273,14,25,38,0.121944,0.278633,0.639595,0.303361,0.189398,0.000252,0.000413,0.000776,0.000436,0.000332,484.138981,674.646526,824.694577,695.416296,570.316617,3116944.121,1879.072143,2009.853665,2031.733145,2010.353665,2064.766855,22.196562,-58.946346,380092.0146,615.75216,750.90511,506.17849,4814.48291,617.280846,279.938633,2247,9.681022,11.958262,12.113986,11.802537,32.388818,0.996266,2159.753759,1981.54715,2160.253759,2114.95285,22.198663,-58.951689,679228.3655,895.402928,758.572866,8247.981445,1103.087264,279.297408,9.968082,11.876514,12.006373,11.746656,34.556393,0.996239,1629.06897,1664.880282,1629.56897,2431.619718,22.191255,-58.98625,1215898.733,1110.947256,1094.47026,14780.68848,1974.656057,284.577982,9.50225,11.910178,12.149477,11.670879,24.190189,0.996343,1551.54601,1471.409382,1552.04601,2625.090618,22.19018,-59.007226,725478.4024,916.927804,791.205588,8852.085938,1178.198713,282.8543,9.607203,11.861906,12.132704,11.591108,22.709512,0.995773,3012.247973,2093.419233,3012.747973,2003.080767,22.210577,-58.938926,496338.6199,808.829593,613.650421,6222.308594,806.068825,279.018392,9.201691,11.848923,11.860767,11.837079,44.345775,0.992335