Label,Saturated,J.D.-2400000,JD_UTC,BJD_TDB,AIRMASS,FWHM_Mean,Source_Radius,Sky_Rad(min),Sky_Rad(max),rel_flux_T1,rel_flux_T2,rel_flux_T3,rel_flux_T4,rel_flux_T5,rel_flux_C6,rel_flux_C7,rel_flux_err_T1,rel_flux_err_T2,rel_flux_err_T3,rel_flux_err_T4,rel_flux_err_T5,rel_flux_err_C6,rel_flux_err_C7,rel_flux_SNR_T1,rel_flux_SNR_T2,rel_flux_SNR_T3,rel_flux_SNR_T4,rel_flux_SNR_T5,rel_flux_SNR_C6,rel_flux_SNR_C7,tot_C_cnts,tot_C_err,X(IJ)_T1,Y(IJ)_T1,X(FITS)_T1,Y(FITS)_T1,RA_T1,DEC_T1,Source-Sky_T1,N_Src_Pixels_T1,Source_Error_T1,Source_SNR_T1,Peak_T1,Mean_T1,Sky/Pixel_T1,N_Sky_Pixels_T1,FWHM_T1,Width_T1,X-Width_T1,Y-Width_T1,Angle_T1,Roundness_T1,Variance_T1,X(IJ)_T2,Y(IJ)_T2,X(FITS)_T2,Y(FITS)_T2,RA_T2,DEC_T2,Source-Sky_T2,Source_Error_T2,Source_SNR_T2,Peak_T2,Mean_T2,Sky/Pixel_T2,FWHM_T2,Width_T2,X-Width_T2,Y-Width_T2,Angle_T2,Roundness_T2,Variance_T2,X(IJ)_T3,Y(IJ)_T3,X(FITS)_T3,Y(FITS)_T3,RA_T3,DEC_T3,Source-Sky_T3,Source_Error_T3,Source_SNR_T3,Peak_T3,Mean_T3,Sky/Pixel_T3,FWHM_T3,Width_T3,X-Width_T3,Y-Width_T3,Angle_T3,Roundness_T3,Variance_T3,X(IJ)_T4,Y(IJ)_T4,X(FITS)_T4,Y(FITS)_T4,RA_T4,DEC_T4,Source-Sky_T4,Source_Error_T4,Source_SNR_T4,Peak_T4,Mean_T4,Sky/Pixel_T4,FWHM_T4,Width_T4,X-Width_T4,Y-Width_T4,Angle_T4,Roundness_T4,Variance_T4,X(IJ)_T5,Y(IJ)_T5,X(FITS)_T5,Y(FITS)_T5,RA_T5,DEC_T5,Source-Sky_T5,Source_Error_T5,Source_SNR_T5,Peak_T5,Mean_T5,Sky/Pixel_T5,FWHM_T5,Width_T5,X-Width_T5,Y-Width_T5,Angle_T5,Roundness_T5,Variance_T5,X(IJ)_C6,Y(IJ)_C6,X(FITS)_C6,Y(FITS)_C6,RA_C6,DEC_C6,Source-Sky_C6,Source_Error_C6,Source_SNR_C6,Peak_C6,Mean_C6,Sky/Pixel_C6,FWHM_C6,Width_C6,X-Width_C6,Y-Width_C6,Angle_C6,Roundness_C6,Variance_C6,X(IJ)_C7,Y(IJ)_C7,X(FITS)_C7,Y(FITS)_C7,RA_C7,DEC_C7,Source-Sky_C7,Source_Error_C7,Source_SNR_C7,Peak_C7,Mean_C7,Sky/Pixel_C7,FWHM_C7,Width_C7,X-Width_C7,Y-Width_C7,Angle_C7,Roundness_C7,Variance_C7
coj1m003-fl11-20181024-0112-e91.fits,0,58416.04149,2458416.041,2458416.045249,1.038265,22.33463,30,53,80,1.407131,0.074181,0.029196,0.02637,0.009394,1.72588,0.579415,0.002302,0.000877,0.000879,0.000862,0.000854,0.005284,0.001774,611.170849,84.587199,33.203109,30.589908,10.995723,326.63265,326.63265,2012962.187,2813.537442,2024.707369,2035.83162,2025.207369,2060.66838,1.36255,-46.714899,2832500.687,2827.433388,2409.406379,1175.601058,5696.416992,1001.79219,808.841605,9551,25.340286,25.582446,26.438129,24.726764,9.949554,0.99495,1224916.179,2452.112335,1904.61485,2452.612335,2191.88515,1.367054,-46.728743,149324.2974,1752.94847,85.184647,1109.189575,52.812667,803.83201,25.863989,25.803328,26.989252,24.617403,18.113663,0.98707,3993.3108,2072.019024,2088.996981,2072.519024,2007.503019,1.363044,-46.709116,58770.61045,1768.126266,33.238922,966.156372,20.785851,807.005453,24.066893,27.468161,28.383362,26.55296,24.373287,0.98981,1136.427113,2308.087755,1916.728475,2308.587755,2179.771525,1.365538,-46.727552,53081.94903,1733.689701,30.617906,953.080444,18.773899,804.027108,26.340621,26.983699,28.320878,25.64652,26.699451,0.972504,983.688451,2358.700823,1742.238482,2359.200823,2354.261518,1.366085,-46.746373,18909.48487,1719.509599,10.997022,917.801758,6.687862,804.104949,4.91055,26.22044,29.409809,23.03107,18.110028,0.911702,688.244036,1220.651066,1928.337401,1221.151066,2168.162599,1.354105,-46.727053,1274498.936,2054.759062,620.266853,3091.627441,450.76179,804.927642,24.633968,25.391994,26.452381,24.331608,356.999338,0.992972,257752.1017,3208.783801,2223.605149,3209.283801,1872.894851,1.374978,-46.693561,738463.2505,1921.967257,384.222597,2125.697266,261.177948,806.447343,25.1861,25.468747,26.083684,24.85381,22.075167,0.995476,85806.9774
coj1m003-fl11-20181024-0113-e91.fits,0,58416.0422,2458416.042,2458416.045964,1.038082,27.733973,30,53,80,1.410189,0.075187,0.029588,0.025223,0.008502,1.736962,0.575718,0.001697,0.000583,0.000572,0.000561,0.000554,0.003792,0.001257,831.196593,128.891107,51.745162,44.974887,15.334335,458.092156,458.092156,2504875.966,2515.857437,2025.057093,2035.268929,2025.557093,2061.231071,1.362547,-46.714893,3532347.739,2827.433388,2339.432541,1509.916476,7352.602539,1249.312452,526.297873,9612,25.290896,23.714991,24.773702,22.656281,13.015737,0.990166,2362041.477,2452.697826,1903.76127,2453.197826,2192.73873,1.367052,-46.728762,188333.5766,1448.887995,129.984911,960.650879,66.609377,521.919492,23.327334,23.623693,24.886146,22.361241,10.213931,0.987066,7332.525187,2072.575452,2088.381142,2073.075452,2008.118858,1.363042,-46.709116,74113.49775,1430.343126,51.815188,697.970459,26.212288,524.558479,26.288105,25.718829,25.357547,26.080112,52.008426,0.986551,1327.059465,2308.696055,1915.679372,2309.196055,2180.820628,1.365537,-46.727594,63180.67668,1403.365023,45.020843,706.524475,22.345593,520.934303,23.923036,24.32589,25.126505,23.525276,354.230967,0.995496,1144.917643,2358.851003,1741.630285,2359.351003,2354.869715,1.366079,-46.746364,21295.52896,1388.583433,15.336154,643.927856,7.531753,521.874413,26.234317,23.656694,23.991531,23.321858,11.611189,0.999052,524.345776,1221.230103,1927.741437,1221.730103,2168.758563,1.354105,-46.727054,1589673.035,1870.101564,850.046364,4061.202148,562.231825,522.599085,23.546044,23.515346,24.627193,22.403499,0.166462,0.991097,497874.8329,3209.469407,2223.191533,3209.969407,1873.308467,1.374975,-46.693531,915202.9313,1682.931605,543.814691,2465.999756,323.686823,523.825104,23.193454,23.198866,24.019181,22.378551,22.157811,0.990255,171127.7894
coj1m003-fl11-20181024-0114-e91.fits,0,58416.04294,2458416.043,2458416.046698,1.037913,25.267039,30,53,80,1.41358,0.075836,0.029335,0.025386,0.009304,1.742788,0.573793,0.001593,0.000529,0.000517,0.000505,0.000498,0.003535,0.001164,887.243793,143.341348,56.717822,50.239045,18.670539,493.029741,493.029741,2611164.556,2440.837606,2024.6642,2035.769347,2025.1642,2060.730653,1.362551,-46.714893,3691089.831,2827.433388,2324.297304,1588.045481,6535.512207,1305.455982,461.064374,9723,25.657591,25.964915,27.390291,24.539538,3.584096,0.987828,1996348.071,2451.926114,1904.314468,2452.426114,2192.185532,1.367052,-46.728761,198021.5355,1369.010997,144.645687,831.448242,70.035792,456.945761,24.491867,26.211585,27.469298,24.953871,11.190206,0.989278,5977.514412,2072.558807,2088.885001,2073.058807,2007.614999,1.36305,-46.709115,76598.29964,1348.616102,56.797705,636.127319,27.091107,459.909977,21.671918,26.806387,28.851956,24.760819,23.413682,0.950818,1173.23537,2308.042728,1916.241502,2308.542728,2180.258498,1.365539,-46.727591,66286.88448,1317.973873,50.294536,622.140808,23.44419,456.948129,24.692937,26.076828,27.612653,24.541004,346.778295,0.982812,1028.572804,2358.976398,1741.60013,2359.476398,2354.89987,1.366088,-46.746427,24294.99515,1301.0495,18.673383,549.967651,8.592597,456.853976,2.96851,26.651409,26.503635,26.799184,52.000319,0.997899,460.171919,1220.48217,1928.002945,1220.98217,2168.497055,1.354104,-46.727079,1659153.324,1822.998368,910.123319,3325.095947,586.805451,456.003101,24.358487,25.843151,27.151993,24.534308,352.591823,0.989078,413893.5804,3208.596698,2223.33778,3209.096698,1873.16222,1.374976,-46.693573,952011.232,1623.072755,586.548711,2064.361328,336.705097,460.879991,25.293992,26.064817,27.374974,24.754661,19.868886,0.982995,133129.847
coj1m003-fl11-20181024-0115-e91.fits,0,58416.04365,2458416.044,2458416.047414,1.037756,27.245809,30,53,80,1.410718,0.07355,0.030015,0.024914,0.009558,1.731375,0.577576,0.00163,0.000548,0.000539,0.000526,0.00052,0.003605,0.001202,865.729121,134.189635,55.699699,47.3934,18.380421,480.329912,480.329912,2584415.357,2483.391777,2025.87437,2037.106745,2026.37437,2059.393255,1.362549,-46.71491,3645881.885,2827.433388,2337.056313,1560.03168,7076.918457,1289.466942,492.734223,9632,24.402478,24.806329,25.85135,23.761309,2.074722,0.992889,2252817.7,2453.560863,1905.569336,2454.060863,2190.930664,1.367055,-46.728785,190082.5162,1404.696257,135.319301,875.51178,67.227938,487.627204,24.739987,24.843945,25.839747,23.848143,6.764536,0.993223,6441.974136,2073.687735,2090.550027,2074.187735,2005.949973,1.363048,-46.709097,77570.4132,1390.657921,55.779651,699.680847,27.434922,490.847552,25.516365,26.597279,28.115443,25.079115,19.137831,0.978991,1269.74176,2309.735879,1917.654455,2310.235879,2178.845545,1.365542,-46.727599,64388.26991,1357.181935,47.442622,676.150208,22.772692,487.280151,25.21955,25.525692,26.57267,24.478714,352.068322,0.992752,1038.055154,2360.486248,1743.445322,2360.986248,2353.054678,1.36609,-46.746389,24701.85895,1343.712708,18.383289,606.475342,8.736495,486.593424,16.311594,26.860996,29.504444,24.217548,356.428332,0.961403,504.973686,1221.694698,1929.533798,1222.194698,2166.966202,1.354103,-46.727078,1638219.739,1852.433348,884.360962,3640.373779,579.40171,489.384396,23.730474,24.66883,25.806175,23.531484,354.565408,0.991221,466213.6096,3209.906313,2224.875491,3210.406313,1871.624509,1.374975,-46.693565,946195.6185,1654.002844,572.064082,2161.757324,334.648244,489.204667,25.533174,25.082233,25.988424,24.176042,14.992661,0.993059,146651.426
coj1m003-fl11-20181024-0116-e91.fits,0,58416.04437,2458416.044,2458416.048135,1.037614,28.341738,30,53,80,1.407494,0.073521,0.029488,0.025373,0.009547,1.749561,0.571572,0.001727,0.000598,0.000591,0.000576,0.00057,0.00391,0.001277,814.896336,122.957726,49.928281,44.070722,16.756496,447.437687,447.437687,2454812.01,2517.492714,2027.887992,2036.570891,2028.387992,2059.929109,1.362551,-46.714884,3455134.171,2827.433388,2328.507717,1483.840549,6553.02832,1222.003738,535.376286,9628,24.675783,25.969961,27.142067,24.797855,5.585155,0.991569,1757834.522,2455.438079,1905.142489,2455.938079,2191.357511,1.367055,-46.728746,180479.4592,1456.10086,123.947086,902.622437,63.831551,530.07734,24.342165,26.011803,27.387334,24.636272,3.582668,0.988701,5200.719357,2075.153384,2089.472932,2075.653384,2007.027068,1.363043,-46.70913,72386.7223,1447.912248,49.99386,694.13147,25.601566,533.145312,25.475216,27.593016,28.807253,26.37878,30.721502,0.966235,1096.290377,2311.099964,1917.040605,2311.599964,2179.459395,1.365537,-46.727581,62286.80526,1411.893282,44.115803,684.214355,22.029451,529.625576,24.447809,27.55853,28.385632,26.731428,352.139367,0.996118,914.425189,2362.438198,1742.157232,2362.938198,2354.342768,1.36609,-46.746441,23436.30402,1398.433419,16.75897,629.988159,8.288897,529.43011,21.290428,29.208791,30.212954,28.204628,21.551982,0.991152,500.759263,1223.358005,1929.031906,1223.858005,2167.468094,1.354101,-46.727046,1562010.536,1870.717237,834.979496,3288.69458,552.448218,531.896719,24.611269,25.814392,26.991431,24.637353,356.20686,0.991572,366978.6919,3211.841791,2224.29229,3212.341791,1872.20771,1.374975,-46.693548,892801.474,1684.691837,529.949427,2006.430786,315.763928,531.768047,26.30369,26.202022,27.409883,24.994161,19.1593,0.98625,113596.6176
coj1m003-fl11-20181024-0117-e91.fits,0,58416.04509,2458416.045,2458416.048853,1.037484,50.591774,30,53,80,1.411194,0.075303,0.030999,0.02514,0.008549,1.741305,0.574282,0.001642,0.000552,0.000545,0.00053,0.000525,0.003659,0.001207,859.607068,136.309433,56.918619,47.405912,16.275859,475.893838,475.893838,2550627.025,2467.651319,2029.689856,2037.722661,2030.189856,2058.777339,1.362549,-46.714929,3599429.26,2827.433388,2325.251554,1547.974134,5847.717285,1273.037687,488.36959,9644,25.906014,27.551801,28.608736,26.494866,2.926439,0.994069,1547187.015,2457.224231,1906.380368,2457.724231,2190.119632,1.367053,-46.728786,192069.1328,1396.760752,137.510402,803.556396,67.93056,482.931564,26.360582,27.858221,28.951516,26.764926,1.179527,0.993848,4651.458708,2076.98923,2090.993977,2077.48923,2005.506023,1.363042,-46.709135,79067.76236,1387.029268,57.005115,647.97168,27.9645,485.402487,166.348425,29.631973,30.859037,28.40491,26.946743,0.980315,1022.083333,2313.22837,1918.430846,2313.72837,2178.069154,1.365538,-46.727602,64122.45293,1351.202291,47.45585,631.632141,22.678679,482.957219,26.206765,27.764842,29.551575,25.978108,359.870034,0.983571,885.110832,2363.060804,1743.567236,2363.560804,2352.932764,1.366076,-46.746462,21805.23652,1339.562643,16.277877,581.927246,7.712025,483.105241,28.519026,27.436292,28.431423,26.44116,18.078762,0.991949,450.653813,1225.513017,1930.282195,1226.013017,2166.217805,1.354103,-46.727072,1620184.406,1839.055641,880.98716,2901.486084,573.023015,482.94365,26.13806,27.490411,28.511516,26.469307,356.620094,0.994419,315482.8751,3213.957109,2225.851432,3214.457109,1870.648568,1.374976,-46.693559,930442.6191,1645.350231,565.498215,1904.86499,329.07676,485.843499,26.321808,27.560593,28.448738,26.672447,13.183633,0.994836,103400.0306
coj1m003-fl11-20181024-0118-e91.fits,0,58416.04582,2458416.046,2458416.049584,1.037366,33.02652,30,53,80,1.409376,0.073977,0.029614,0.025715,0.008658,1.725472,0.579551,0.001822,0.000643,0.000638,0.000624,0.000618,0.004076,0.001369,773.472084,114.965187,46.42369,41.222287,14.014338,423.362489,423.362489,2371815.704,2576.593151,2030.238063,2037.523865,2030.738063,2058.976135,1.362551,-46.714886,3342781.141,2827.433388,2343.255638,1426.554187,5821.885254,1182.266983,586.372381,9536,26.46661,26.606871,27.668263,25.545479,10.985898,0.992622,1496554.953,2457.869462,1905.941587,2458.369462,2190.558413,1.367057,-46.728771,175458.7801,1514.241168,115.872414,927.964844,62.055849,580.529822,26.319774,26.578338,27.657936,25.498741,16.074975,0.990823,4583.179971,2077.687148,2090.731705,2078.187148,2005.768295,1.363046,-46.709098,70239.67453,1511.088304,46.482839,754.710754,24.842203,584.194419,25.809322,28.182723,28.898797,27.466649,36.330418,0.970964,1059.565567,2314.066498,1917.746105,2314.566498,2178.753895,1.365544,-46.727613,60992.21876,1478.108968,41.263682,723.884888,21.571585,580.274707,25.617547,27.57285,29.145668,26.000033,11.999502,0.984506,906.526619,2363.041394,1744.674848,2363.541394,2351.825152,1.366073,-46.746283,20534.57354,1465.084844,14.015962,680.324219,7.26262,580.951603,24.971174,26.354051,26.333284,26.374817,45.184873,0.940361,537.358172,1226.058957,1929.995742,1226.558957,2166.504258,1.354104,-46.727042,1501575.434,1906.36785,787.663007,3054.357666,531.073673,582.73418,25.909267,26.38114,27.349379,25.412902,357.078073,0.99457,314130.197,3214.483571,2225.181227,3214.983571,1871.318773,1.374981,-46.693561,870240.27,1733.376442,502.049208,2029.133789,307.784535,582.155277,25.500174,26.291252,26.885113,25.697391,25.185144,0.994989,107614.226
coj1m003-fl11-20181024-0119-e91.fits,0,58416.04654,2458416.047,2458416.050298,1.037262,28.477259,30,53,80,1.411018,0.074251,0.028823,0.025038,0.0088,1.738077,0.575348,0.001897,0.00068,0.000674,0.000659,0.000653,0.004292,0.001421,744.011046,109.250079,42.735247,38.01513,13.483661,404.971537,404.971537,2292216.374,2595.80767,2031.117804,2037.852227,2031.617804,2058.647773,1.362549,-46.714908,3234358.949,2827.433388,2341.468586,1381.33775,5256.065918,1143.920477,611.900395,9722,26.626484,27.54088,28.255932,26.825828,0.453767,0.997307,1238695.178,2458.816098,1906.649763,2459.316098,2189.850237,1.367055,-46.728751,170200.0228,1545.924853,110.095922,928.139771,60.195944,606.400489,26.811016,27.509531,27.757088,27.261975,20.573148,0.999429,3918.804833,2078.700507,2091.226892,2079.200507,2005.273108,1.363045,-46.709103,66068.55107,1544.185205,42.78538,778.184937,23.36697,610.546068,26.971806,28.194563,29.215161,27.173966,31.747193,0.973753,1017.420327,2314.636388,1917.669519,2315.136388,2178.830481,1.365538,-46.727679,57393.29606,1508.349128,38.050406,758.360779,20.298726,606.12298,19.817599,27.960368,28.042572,27.878164,5.2199,0.999964,855.91058,2363.623606,1745.089433,2364.123606,2351.410567,1.366067,-46.746294,20171.5088,1495.822079,13.485233,711.567017,7.134212,605.996157,12.534174,26.338718,29.765757,22.911678,18.846962,0.895418,546.485807,1226.965214,1930.346384,1227.465214,2166.153616,1.354102,-46.727061,1455053.615,1919.508622,758.034425,2774.649902,514.619945,609.287783,26.953046,27.364064,28.153456,26.574673,350.416927,0.996275,258098.58,3215.357277,2225.614992,3215.857277,1870.885008,1.374977,-46.693574,837162.7587,1747.485082,479.067185,1850.072266,296.085758,607.232803,26.600166,27.481587,27.849007,27.114168,25.315932,0.998224,84814.16796
coj1m003-fl11-20181024-0120-e91.fits,0,58416.04726,2458416.047,2458416.051017,1.037172,28.154626,30,53,80,1.409722,0.074747,0.028699,0.025459,0.007671,1.745158,0.573014,0.002108,0.000785,0.00078,0.000765,0.000759,0.004859,0.001596,668.612828,95.186069,36.811057,33.288855,10.104977,359.126942,359.126942,2136312.234,2713.471411,2031.765739,2036.040782,2032.265739,2060.459218,1.362549,-46.714892,3011606.628,2827.433388,2378.213616,1266.331421,6378.076172,1065.137959,717.925578,9677,23.832574,24.572193,25.628701,23.515685,12.447955,0.991046,1579284.611,2459.175878,1904.410415,2459.675878,2192.089585,1.367052,-46.728773,159682.189,1665.273414,95.889472,1044.286499,56.476022,713.158106,25.069792,24.711341,25.213229,24.209452,33.192192,0.989727,4988.866031,2079.57377,2089.13419,2080.07377,2007.36581,1.363048,-46.709117,61310.00022,1663.710645,36.85136,883.39032,21.683977,716.950789,24.33197,24.613902,25.14423,24.083574,38.28434,0.965616,1244.793248,2315.181623,1916.775756,2315.681623,2179.724244,1.365537,-46.727558,54387.9004,1632.355953,33.318652,873.471741,19.235785,713.572655,25.77366,24.86396,25.704297,24.023623,352.776318,0.995139,1072.536249,2366.464228,1741.026245,2366.964228,2355.473755,1.366091,-46.74651,16387.20033,1621.56234,10.10581,809.362488,5.795787,712.559975,20.610553,23.222279,22.117715,24.326843,279.451117,0.989935,578.301797,1227.464759,1928.393154,1227.964759,2168.106846,1.354103,-46.727067,1358101.27,1992.775141,681.512551,3369.771973,480.330067,715.308057,23.927119,24.431471,25.504573,23.358368,1.847056,0.992281,327976.44,3215.9845,2224.168092,3216.4845,1872.331908,1.374976,-46.693508,778210.9639,1841.677044,422.555608,2144.609131,275.235826,715.264494,25.059455,24.635204,25.381701,23.888706,25.555671,0.990699,104881.9227
coj1m003-fl11-20181024-0121-e91.fits,0,58416.04797,2458416.048,2458416.051735,1.037094,27.902811,30,53,80,1.409209,0.074133,0.028597,0.024672,0.008671,1.736969,0.575715,0.00187,0.000667,0.000661,0.000645,0.00064,0.004229,0.001402,753.422475,111.082922,43.266202,38.22833,13.553342,410.742036,410.742036,2314154.05,2584.76355,2032.736593,2036.082325,2033.236593,2060.417675,1.362548,-46.7149,3261126.028,2827.433388,2338.287725,1394.664136,6049.469727,1153.387394,601.566196,9595,25.789637,25.612021,26.662787,24.561256,9.088065,0.992567,1612925.132,2460.185985,1904.743831,2460.685985,2191.756169,1.367052,-46.728758,171555.1352,1532.454762,111.947928,923.908508,60.675217,595.276186,25.449743,25.574313,26.48603,24.662595,9.293517,0.994356,4984.87278,2080.661877,2089.183918,2081.161877,2007.316082,1.363048,-46.709123,66178.53855,1527.779527,43.316812,798.511169,23.40587,599.836023,20.243053,25.786844,27.007387,24.5663,28.518845,0.969864,1131.774127,2316.334922,1916.77021,2316.834922,2179.72979,1.365538,-46.727577,57093.67599,1492.12916,38.263226,731.977478,20.192757,594.757663,27.235719,25.642796,26.049688,25.235904,24.792558,0.997605,961.575761,2366.079309,1743.186936,2366.579309,2353.313064,1.366075,-46.746302,20065.72925,1480.330861,13.554895,690.751709,7.0968,594.923445,18.077606,26.084191,26.775226,25.393157,320.225689,0.914805,569.938073,1228.858673,1928.436854,1229.358673,2168.063146,1.354103,-46.727071,1468637.115,1911.797128,768.197155,3219.168457,519.424126,597.936072,24.406463,25.633729,26.848418,24.41904,358.903655,0.991045,329229.5604,3216.958752,2223.990461,3217.458752,1872.509539,1.374978,-46.693544,845516.9344,1739.550043,486.054965,2023.403931,299.040443,595.586139,25.96283,25.510186,26.137553,24.882818,25.146837,0.99408,110843.5867
coj1m003-fl11-20181024-0122-e91.fits,0,58416.0487,2458416.049,2458416.052458,1.03703,26.866602,30,53,80,1.405631,0.07457,0.029817,0.025054,0.008676,1.725602,0.579508,0.001611,0.00054,0.00053,0.000519,0.000512,0.003551,0.001193,872.623429,138.117255,56.293756,48.319354,16.952904,485.889454,485.889454,2582081.787,2456.059166,2033.435276,2037.223465,2033.935276,2059.276535,1.362549,-46.714923,3629453.255,2827.433388,2319.665426,1564.645148,7201.541992,1283.656503,474.667174,9629,25.02023,24.452142,25.392647,23.511638,12.438596,0.992831,2298647.208,2460.831092,1905.856538,2461.331092,2190.643462,1.367051,-46.728783,192544.9257,1381.985606,139.324842,864.902771,68.098837,469.566036,24.016938,24.661766,25.600552,23.722979,13.179153,0.992802,6712.970942,2081.279844,2090.501975,2081.779844,2005.998025,1.363047,-46.709128,76990.23492,1365.689343,56.374633,652.110229,27.229725,472.686413,22.446319,26.225565,26.482532,25.968599,40.972752,0.980443,1273.283097,2317.266037,1918.111147,2317.766037,2178.388853,1.365541,-46.727577,64690.53315,1337.397229,48.37047,634.902283,22.879596,469.414568,20.999253,25.497779,26.027994,24.967563,29.804278,0.993248,1044.677788,2367.600501,1743.439314,2368.100501,2353.060686,1.366084,-46.746416,22401.91167,1321.248522,16.955108,575.736267,7.923056,470.381007,16.755134,24.309091,22.682313,25.93587,74.124926,0.975447,487.699326,1229.275254,1929.602372,1229.775254,2166.897628,1.354103,-46.727088,1634738.059,1832.71935,891.974027,3456.371826,578.170317,470.133722,25.308613,24.461601,25.615483,23.307718,0.278791,0.991138,466709.225,3217.7004,2225.324678,3218.2004,1871.175322,1.374977,-46.693552,947343.7279,1635.043244,579.3998,2211.762939,335.054305,471.807369,25.616915,24.511554,25.259086,23.764023,23.154273,0.992218,156750.2301
coj1m003-fl11-20181024-0123-e91.fits,0,58416.04941,2458416.049,2458416.053172,1.036978,29.98127,30,53,80,1.411589,0.075022,0.02744,0.025798,0.009199,1.738883,0.575082,0.0018,0.000632,0.000625,0.000612,0.000605,0.004055,0.001341,784.298606,118.618007,43.919713,42.176647,15.198143,428.779211,428.779211,2389908.56,2556.612293,2034.524163,2040.402998,2035.024163,2056.097002,1.362552,-46.714877,3373569.149,2827.433388,2340.478607,1441.401404,6057.734375,1193.156013,570.393223,9634,25.417177,26.675165,27.246324,26.104005,354.416932,0.998096,1507846.369,2462.222518,1909.024321,2462.722518,2187.475679,1.367059,-46.728743,179296.8891,1499.33011,119.584665,889.111572,63.413303,566.090739,25.876414,26.64222,27.32453,25.95991,1.080622,0.997376,4748.529743,2081.911862,2093.584299,2082.411862,2002.915701,1.363047,-46.709092,65579.10304,1491.509794,43.968268,726.515259,23.193863,569.783425,26.64095,27.070296,28.65221,25.488383,23.838803,0.970073,1039.809563,2317.83926,1920.949098,2318.33926,2175.550902,1.36554,-46.727572,61655.93731,1460.361438,42.219642,707.39325,21.806327,565.788962,23.794008,27.283229,28.00956,26.556898,23.839506,0.993755,933.022442,2368.537224,1747.588742,2369.037224,2348.911258,1.366087,-46.746274,21985.80332,1446.419917,15.200153,678.055481,7.775887,566.129414,NaN,25.772168,27.534957,24.009378,1.39907,0.981416,520.861267,1230.350591,1932.802672,1230.850591,2163.697328,1.354104,-46.72704,1517323.533,1891.627511,802.12596,3076.5625,536.643423,564.936259,24.968681,26.477578,27.13005,25.825106,342.903658,0.996454,315451.4324,3218.48715,2228.248162,3218.98715,1868.251838,1.37498,-46.693534,872585.0273,1719.887141,507.350166,1959.531006,308.613823,570.134843,26.32379,26.69317,27.021141,26.365199,27.886433,0.998092,101822.2443
coj1m003-fl11-20181024-0124-e91.fits,0,58416.05013,2458416.05,2458416.053893,1.036939,27.581154,30,53,80,1.405654,0.074734,0.027944,0.025293,0.00843,1.738964,0.575055,0.00156,0.000517,0.000505,0.000494,0.000487,0.003461,0.001144,900.948287,144.620466,55.381581,51.229114,17.323904,502.468701,502.468701,2671792.252,2454.805367,2033.917748,2038.379739,2034.417748,2058.120261,1.362549,-46.714916,3755616.331,2827.433388,2338.7651,1605.811687,7499.084473,1328.277563,462.449087,9762,25.294873,24.368318,25.406425,23.33021,10.76784,0.991641,2460180.813,2461.641908,1907.257481,2462.141908,2189.242519,1.367055,-46.728748,199673.4815,1368.429629,145.914322,914.402466,70.620048,457.139782,22.842853,24.397981,25.516035,23.279927,6.706581,0.991159,7331.627563,2082.223162,2091.831426,2082.723162,2004.668574,1.363053,-46.709101,74661.24459,1346.377728,55.453416,646.578125,26.406014,461.113143,24.974789,24.721621,25.851467,23.591776,31.041064,0.962046,1375.044404,2317.699523,1918.867271,2318.199523,2177.632729,1.365541,-46.727613,67578.15079,1317.673603,51.285956,617.462708,23.900882,457.018236,24.04299,24.658031,24.918451,24.397612,37.843782,0.992701,1108.178641,2367.711846,1744.792468,2368.211846,2351.707532,1.366081,-46.746388,22523.51337,1299.976068,17.326098,549.143188,7.966063,457.680278,14.879628,23.741107,22.375211,25.107004,57.474224,0.926073,464.48022,1230.060703,1930.880571,1230.560703,2165.619429,1.354106,-46.72707,1696316.735,1836.402125,923.717476,3553.9021,599.949319,458.39458,25.560274,24.256933,25.406877,23.106989,1.893951,0.991011,515064.9454,3217.946631,2226.546396,3218.446631,1869.953604,1.374975,-46.693535,975475.5167,1629.017074,598.812334,2244.63623,345.00389,460.161836,25.491396,24.32977,25.138035,23.521504,24.200627,0.990007,168001.0433
coj1m003-fl11-20181024-0125-e91.fits,0,58416.05085,2458416.051,2458416.054610,1.036913,26.867336,30,53,80,1.410983,0.075815,0.029439,0.025445,0.008739,1.734536,0.576523,0.001887,0.000676,0.000668,0.000656,0.000646,0.004265,0.001418,747.624871,112.099992,44.083675,38.802831,13.524853,406.646085,406.646085,2315850.603,2610.05821,2035.08271,2037.934928,2035.58271,2058.565072,1.362549,-46.714936,3267625.213,2827.433388,2353.757123,1388.259299,7017.327148,1155.686011,618.97232,9589,24.375434,24.076763,25.08198,23.071546,6.40756,0.992692,1946857.956,2462.488471,1906.562998,2462.988471,2189.937002,1.367052,-46.728797,175576.7542,1553.700633,113.005524,989.340759,62.097574,612.896851,23.822479,24.546576,25.864284,23.228868,7.631145,0.987686,5934.61299,2082.809757,2091.085833,2083.309757,2005.414167,1.363047,-46.709155,68175.99599,1544.603459,44.138187,789.758667,24.112326,616.849186,24.36005,25.405026,26.39855,24.411501,24.630306,0.98568,1240.664045,2318.859415,1918.219013,2319.359415,2178.280987,1.365541,-46.727656,58926.91443,1517.171221,38.83999,886.038513,20.841133,613.921344,21.058696,25.314196,25.780812,24.84758,38.172872,0.975627,1107.803485,2367.581567,1743.920113,2368.081567,2352.579887,1.366067,-46.746456,20238.83444,1496.244205,13.526425,729.151917,7.158023,613.364489,17.863813,26.108603,25.204125,27.01308,298.569538,0.983734,560.6257,1230.94942,1930.53879,1231.44942,2165.96121,1.354104,-46.727076,1468960.807,1925.442993,762.920955,3558.227051,519.538608,614.567754,24.512668,24.052094,25.112152,22.992037,358.959079,0.99225,395465.3421,3219.426528,2226.001138,3219.926528,1870.498862,1.374979,-46.693571,846889.7965,1762.121772,480.607986,2279.478516,299.525994,616.714928,24.497059,23.995586,24.703764,23.287408,21.088939,0.993667,132875.5702
coj1m003-fl11-20181024-0126-e91.fits,0,58416.05157,2458416.052,2458416.055327,1.0369,27.879275,30,53,80,1.409275,0.075455,0.027262,0.025128,0.009417,1.733178,0.576975,0.002006,0.000736,0.000727,0.000714,0.000706,0.004564,0.001519,702.69076,102.576637,37.478884,35.169121,13.339417,379.739197,379.739197,2212997.56,2665.452142,2035.575451,2039.348588,2036.075451,2057.151412,1.36255,-46.714879,3118722.864,2827.433388,2363.878971,1319.324256,6421.819336,1103.022578,670.963954,9525,24.782743,24.725704,25.568811,23.882597,5.942986,0.995154,1634593.517,2463.339005,1908.117368,2463.839005,2188.382632,1.367057,-46.728727,166981.063,1615.394522,103.368596,1036.733643,59.05747,667.538214,23.495951,24.854037,25.404723,24.303352,27.864092,0.993813,5257.21844,2083.684095,2092.388139,2084.184095,2004.111861,1.363052,-46.70911,60330.15245,1608.069555,37.517129,830.805115,21.337427,670.28873,26.191905,24.695767,26.929116,22.462418,23.719239,0.929649,1172.754329,2318.933437,1919.441356,2319.433437,2177.058644,1.365538,-46.727621,55607.17103,1579.717062,35.200716,879.496582,19.667014,666.648794,22.469257,25.790508,27.092557,24.488459,16.666683,0.985469,1023.670778,2370.097345,1746.452406,2370.597345,2350.047594,1.36609,-46.74628,20838.77766,1561.993857,13.341139,769.97522,7.37021,665.605823,22.679929,29.220564,30.283087,28.158041,22.984416,0.989081,593.094687,1231.451104,1931.728036,1231.951104,2164.771964,1.354104,-46.727043,1403318.413,1958.329933,716.58937,3419.769775,496.32236,665.513269,23.552568,24.509901,25.485703,23.534098,352.506862,0.993227,343790.3028,3219.850484,2227.153885,3220.350484,1869.346115,1.37498,-46.693543,809679.1465,1808.19772,447.782417,2234.676025,286.365419,670.785144,25.115235,24.533132,25.052532,24.013731,27.193341,0.994717,113643.9655
coj1m003-fl11-20181024-0127-e91.fits,0,58416.05229,2458416.052,2458416.056047,1.0369,27.911107,30,53,80,1.409108,0.075796,0.029748,0.024551,0.008384,1.737904,0.575406,0.002089,0.000775,0.000769,0.000753,0.000749,0.004788,0.001585,674.609583,97.816395,38.694464,32.594608,11.191144,362.973976,362.973976,2146019.871,2700.14052,2035.161602,2039.376872,2035.661602,2057.123128,1.362547,-46.714884,3023974.552,2827.433388,2369.9932,1275.94229,6394.584961,1069.512217,705.738657,9612,24.337531,24.638346,25.884362,23.392329,3.372231,0.98968,1569386.874,2462.784815,1907.89823,2463.284815,2188.60177,1.367052,-46.728748,162659.1267,1650.26038,98.565735,1062.122803,57.528898,701.367115,25.480179,25.028897,26.642605,23.415189,3.050413,0.983322,5012.809429,2083.970853,2092.98175,2084.470853,2003.51825,1.363056,-46.709053,63839.12062,1647.869257,38.740404,869.328491,22.57847,703.629919,22.221415,25.886412,27.157222,24.615601,29.51368,0.963776,1211.084289,2319.248768,1919.795949,2319.748768,2176.704051,1.365542,-46.727582,52687.17101,1615.078364,32.622052,852.166443,18.634275,701.234158,23.660893,24.254451,24.391558,24.117345,320.651861,0.996673,1049.159241,2369.693836,1743.726133,2370.193836,2352.773867,1.366086,-46.746568,17992.49001,1607.584128,11.192254,811.195496,6.363542,700.866378,22.552317,24.704897,28.702954,20.706841,10.916212,0.884553,598.191433,1231.012529,1931.919417,1231.512529,2164.580583,1.354103,-46.727036,1362201.324,1981.967279,687.297585,3417.934082,481.780165,700.489782,23.794263,24.460298,25.82637,23.094226,354.740489,0.987174,327723.471,3219.634546,2227.144388,3220.134546,1869.355612,1.374975,-46.693543,783818.5465,1833.729678,427.44498,2121.291748,277.219103,704.657167,25.451877,24.774287,25.747034,23.801541,12.388891,0.992542,103284.1479
coj1m003-fl11-20181024-0128-e91.fits,0,58416.05302,2458416.053,2458416.056777,1.036913,26.826274,30,53,80,1.404531,0.074262,0.028326,0.02344,0.008219,1.738154,0.575323,0.00193,0.0007,0.000691,0.000679,0.000673,0.004397,0.001456,727.565411,106.115701,40.966897,34.506458,12.208068,395.261243,395.261243,2258152.984,2616.004592,2037.346082,2039.646449,2037.846082,2056.853551,1.362551,-46.714911,3171646.097,2827.433388,2345.837644,1352.031376,6978.58252,1121.740342,630.583279,9759,24.122393,24.308718,25.268774,23.348661,4.186083,0.993645,1784834.765,2465.012252,1908.209981,2465.512252,2188.290019,1.367057,-46.728777,167695.313,1568.319856,106.92673,983.630005,59.310084,627.407741,25.269345,24.361173,25.324642,23.397703,3.355784,0.993677,5537.934818,2085.500689,2093.131401,2086.000689,2003.368599,1.363053,-46.709093,63963.69787,1559.591464,41.013111,809.594604,22.62253,629.809991,21.254118,24.562173,25.633471,23.490875,25.728577,0.980475,1200.245633,2321.767642,1920.562282,2322.267642,2175.937718,1.36555,-46.72756,52930.6061,1532.707235,34.534062,780.19696,18.720372,627.457333,25.204235,22.601436,25.372923,19.829948,2.796186,0.941062,1062.694005,2372.29584,1745.533756,2372.79584,2350.966244,1.366095,-46.746439,18559.326,1520.098877,12.209289,722.617737,6.564019,626.597745,15.705159,21.061748,23.533983,18.589513,15.024882,0.928429,577.700783,1233.094319,1932.086751,1233.594319,2164.413249,1.354104,-46.727072,1433453.967,1929.291217,742.995124,3447.727783,506.980632,625.777702,24.124306,24.199461,25.305112,23.09381,354.292163,0.991346,370226.1828,3221.532992,2227.649515,3222.032992,1868.850485,1.374979,-46.693547,824699.0172,1766.724491,466.795486,2256.008057,291.677611,629.710768,24.193257,24.254707,24.948332,23.561082,21.007142,0.994084,122850.3284
coj1m003-fl11-20181024-0129-e91.fits,0,58416.05376,2458416.054,2458416.057517,1.03694,28.119213,30,53,80,1.410483,0.074981,0.028999,0.025533,0.009606,1.725683,0.579481,0.001649,0.000558,0.000547,0.000537,0.00053,0.003639,0.001222,855.585971,134.349159,52.986865,47.506169,18.136957,474.217942,474.217942,2555956.848,2487.179203,2037.817359,2039.864777,2038.317359,2056.635223,1.362547,-46.714895,3605133.189,2827.433388,2334.063075,1544.574021,7738.674805,1275.055039,499.170149,9539,23.971622,24.196446,25.253041,23.139851,9.852114,0.991427,2341640.723,2465.53993,1908.431672,2466.03993,2188.068328,1.367053,-46.728757,191648.6687,1414.254043,135.512194,935.850464,67.781851,494.985371,23.287173,24.616802,25.646037,23.587567,17.220426,0.989755,6899.616742,2085.257448,2093.192268,2085.757448,2003.307732,1.363042,-46.709096,74121.19447,1396.999091,53.057439,689.259521,26.21501,497.326481,25.157073,24.772418,25.169625,24.37521,39.279057,0.97388,1361.392812,2321.674647,1920.405043,2322.174647,2176.094957,1.36554,-46.727583,65262.33396,1372.29679,47.557011,677.232605,23.081829,495.325304,23.070377,24.629736,24.935144,24.324327,335.189224,0.998535,1135.927664,2371.702652,1744.831045,2372.202652,2351.668955,1.36608,-46.746517,24551.72964,1353.474331,18.139782,607.452759,8.683398,494.919514,24.233169,27.472925,26.261978,28.683872,69.13693,0.986102,500.212198,1233.54109,1932.344429,1234.04109,2164.155571,1.354102,-46.727052,1618225.957,1851.063956,874.213963,3623.004639,572.330356,495.925258,25.156993,24.122019,25.305758,22.93828,357.621069,0.990347,476563.808,3222.250041,2227.639833,3222.750041,1868.860167,1.374975,-46.693556,937730.8907,1661.21119,564.486259,2300.532959,331.654459,496.953306,25.131812,24.381545,25.234187,23.528903,20.276949,0.991547,154681.8213
coj1m003-fl11-20181024-0130-e91.fits,0,58416.05448,2458416.054,2458416.058237,1.036979,26.983503,30,53,80,1.40705,0.073941,0.03038,0.024055,0.008871,1.744463,0.573242,0.001652,0.00056,0.000552,0.000539,0.000532,0.003703,0.001217,851.903617,131.962443,55.005866,44.62839,16.681797,471.10336,471.10336,2542007.017,2482.443773,2038.802531,2038.946649,2039.302531,2057.553351,1.362551,-46.714902,3576731.221,2827.433388,2329.598622,1535.342264,7239.259277,1265.009898,499.546439,9857,24.712658,24.549673,25.993039,23.106308,8.607221,0.98495,2189502.112,2466.393337,1907.596559,2466.893337,2188.903441,1.367055,-46.728758,187959.7789,1412.466017,133.072071,887.090393,66.477173,495.36953,25.332758,24.364048,25.711743,23.016352,13.781107,0.984522,6546.507268,2086.630415,2092.369991,2087.130415,2004.130009,1.363049,-46.709092,77226.09486,1401.934047,55.085398,679.219727,27.313144,497.412498,26.808178,26.689616,28.425078,24.954153,16.498561,0.976159,1303.300721,2322.680897,1919.141648,2323.180897,2177.358352,1.365544,-46.72763,61147.51503,1368.846465,44.670835,657.847412,21.62651,495.463861,24.51146,24.118689,25.55487,22.682509,11.686514,0.983287,1065.959098,2372.92984,1744.768395,2373.42984,2351.731605,1.366086,-46.746436,22550.7495,1351.638394,16.684011,588.856995,7.975696,494.565397,12.340724,27.240948,31.532487,22.949409,1.051773,0.905347,475.351228,1234.850834,1931.490608,1235.350834,2165.009392,1.354107,-46.727051,1615775.889,1849.669007,873.548663,3893.709717,571.463821,494.701974,22.064683,24.119947,25.30816,22.931734,358.506272,0.990313,477424.9287,3222.707546,2226.993325,3223.207546,1869.506675,1.374975,-46.693536,926231.1278,1655.672567,559.428927,2251.896484,327.58725,498.758284,24.994843,24.498986,25.483416,23.514556,21.362043,0.988071,149274.5291
coj1m003-fl11-20181024-0131-e91.fits,0,58416.05519,2458416.055,2458416.058954,1.037031,27.398047,30,53,80,1.404783,0.074634,0.029958,0.024749,0.0088,1.741568,0.574195,0.001486,0.000477,0.000464,0.000454,0.000447,0.003277,0.00108,945.275857,156.608662,64.587985,54.542994,19.696847,531.523552,531.523552,2744993.518,2389.52274,2039.159769,2039.406378,2039.659769,2057.093622,1.362553,-46.71487,3856120.811,2827.433388,2318.045128,1663.522752,8168.075684,1363.823752,408.609211,9533,24.428516,24.756428,26.650049,22.862808,355.230922,0.976215,2522362.162,2466.32155,1908.245542,2466.82155,2188.254458,1.367055,-46.728706,204868.7729,1295.944045,158.084582,837.853699,72.457506,403.486234,23.549525,25.210881,26.838427,23.583335,355.994662,0.98314,7109.495102,2086.598515,2092.329048,2087.098515,2004.170952,1.363048,-46.709111,82234.04624,1271.195665,64.690314,623.524536,29.084344,406.416065,19.350252,26.126545,28.025415,24.227674,8.315597,0.977227,1348.264839,2322.37898,1920.161794,2322.87898,2176.338206,1.36554,-46.727538,67937.16757,1244.166176,54.604577,578.285583,24.027858,403.451234,23.5764,25.577927,27.750338,23.405515,4.391237,0.970878,1056.224002,2371.689355,1745.389144,2372.189355,2351.110856,1.366073,-46.746395,24156.88578,1226.253846,19.699743,512.040527,8.543751,404.152381,25.284312,26.516804,29.604386,23.429222,12.546838,0.935632,445.332825,1235.486187,1931.596524,1235.986187,2164.903476,1.354109,-46.727071,1743744.093,1795.680959,971.076785,4258.226562,616.723315,404.389642,22.349796,24.07509,25.829425,22.320755,352.192696,0.977343,566724.3834,3222.26144,2227.650274,3222.76144,1868.849726,1.374973,-46.69346,1001249.425,1576.498912,635.109494,2207.015137,354.119545,404.74071,26.264028,24.902919,26.195091,23.610748,6.321916,0.988749,165078.5225
coj1m003-fl11-20181024-0132-e91.fits,0,58416.05591,2458416.056,2458416.059674,1.037097,26.912256,30,53,80,1.410412,0.073678,0.028819,0.024533,0.010148,1.733318,0.576928,0.001509,0.000486,0.000474,0.000463,0.000457,0.003303,0.001099,934.800672,151.470922,60.759287,52.947548,22.229673,524.761175,524.761175,2717272.542,2396.971836,2040.194588,2040.373629,2040.694588,2056.126371,1.362548,-46.714902,3832472.837,2827.433388,2319.248001,1652.463573,7836.773926,1355.459992,418.270576,9677,23.571052,24.55722,25.707474,23.406966,6.578389,0.990785,2544344.552,2467.947025,1909.000975,2468.447025,2187.499025,1.367055,-46.728757,200203.2891,1309.875818,152.841427,835.504395,70.807429,414.950346,24.023206,24.336223,25.40201,23.270436,10.556664,0.991218,7484.429627,2088.377672,2093.785419,2088.877672,2002.714581,1.36305,-46.709092,78310.35056,1287.009667,60.846746,603.420776,27.696621,417.204793,22.671104,25.504637,25.98484,25.024434,33.786394,0.990265,1298.327861,2323.458116,1921.234828,2323.958116,2175.265172,1.365535,-46.727556,66661.51944,1257.636507,53.005395,575.828613,23.57669,414.159758,23.307872,24.395362,24.895695,23.89503,13.015712,0.997918,1135.018366,2372.914097,1746.920947,2373.414097,2349.579053,1.366069,-46.746357,27574.97454,1240.219426,22.233948,505.536743,9.752652,413.349044,18.542172,27.552398,29.315843,25.788953,356.986467,0.983567,440.118465,1235.927741,1932.920869,1236.427741,2163.579131,1.354101,-46.727059,1723143.036,1797.910773,958.4141,3610.307373,609.437182,414.472147,24.48095,24.776605,26.144494,23.408715,357.751463,0.987807,500063.4989,3224.601008,2228.458161,3225.101008,1868.041839,1.374977,-46.693519,994129.5058,1585.24157,627.115466,2252.963135,351.601389,415.637961,24.391389,24.461312,25.32955,23.593074,20.150506,0.991358,173110.7
coj1m003-fl11-20181024-0133-e91.fits,0,58416.05663,2458416.057,2458416.060394,1.037175,27.160928,30,53,80,1.403841,0.073724,0.029833,0.024905,0.009626,1.743226,0.573649,0.001467,0.000465,0.000452,0.00044,0.000434,0.003228,0.001062,957.191127,158.606402,65.978651,56.584348,22.198487,539.952885,539.952885,2737358.806,2347.707526,2040.560064,2040.909482,2041.060064,2055.590518,1.36255,-46.714901,3842817.235,2827.433388,2292.446363,1676.295375,6816.148926,1359.118574,382.054204,9657,25.650936,25.579996,26.158413,25.00158,10.968656,0.997625,2231417.856,2468.173661,1909.586443,2468.673661,2186.913557,1.367055,-46.728753,201810.005,1260.567901,160.094514,880.805725,71.375689,378.224015,25.556317,25.836616,26.415051,25.258181,9.885716,0.997738,6509.787922,2087.967108,2094.08843,2088.467108,2002.41157,1.363044,-46.709116,81664.88887,1235.763908,66.08454,554.802307,28.883046,380.488071,14.013677,27.134184,28.041741,26.226626,29.147992,0.983834,1210.590332,2324.40776,1921.527605,2324.90776,2174.972395,1.365543,-46.727582,68173.95036,1203.400337,56.651098,534.667542,24.111603,378.096137,22.093352,26.231993,27.163133,25.300854,16.005329,0.993008,993.237899,2374.099133,1746.812387,2374.599133,2349.687613,1.366079,-46.746428,26349.0069,1186.757985,22.202511,467.077972,9.319055,377.648836,26.792212,27.80304,28.698401,26.907678,13.305075,0.994821,415.577007,1236.394828,1933.470947,1236.894828,2163.029053,1.354103,-46.727056,1739497.601,1767.677186,984.05841,3447.04834,615.221426,378.533743,24.394961,25.632491,26.475601,24.789382,2.967475,0.995635,457327.9038,3224.816997,2228.856655,3225.316997,1867.643345,1.374979,-46.693533,997861.2042,1545.007441,645.861746,2162.452148,352.921207,379.967285,24.712784,25.637506,26.025027,25.249985,28.922182,0.996775,150764.5089
coj1m003-fl11-20181024-0134-e91.fits,0,58416.05735,2458416.057,2458416.061110,1.037265,26.992779,30,53,80,1.407702,0.073918,0.029966,0.02464,0.009075,1.73378,0.576774,0.001425,0.000443,0.000428,0.000418,0.000411,0.003095,0.00103,987.667673,167.013058,69.986662,58.968578,22.065295,560.10868,560.10868,2820432.844,2339.27702,2041.237212,2040.05836,2041.737212,2056.44164,1.362548,-46.714904,3970329.218,2827.433388,2305.589974,1722.044797,7971.932617,1404.216713,365.339133,9585,23.842821,24.58184,25.606268,23.557411,8.797088,0.992381,2721596.267,2468.813494,1908.61854,2469.313494,2187.88146,1.367053,-46.728769,208479.8415,1236.250551,168.638826,824.271362,73.734661,360.535067,20.9099,24.475559,25.687363,23.263756,9.032892,0.989204,7931.182294,2088.77239,2093.18974,2089.27239,2003.31026,1.363044,-46.709125,84517.91062,1205.592567,70.10487,557.84021,29.892096,363.588696,23.531925,26.230971,26.925098,25.536843,33.647069,0.981227,1366.002986,2325.301832,1920.399659,2325.801832,2176.100341,1.365543,-46.727615,69494.76516,1177.094654,59.039233,531.604553,24.578745,360.439715,24.058834,24.952623,25.97568,23.929566,7.314522,0.992842,1139.606129,2374.568552,1746.146792,2375.068552,2350.353208,1.366075,-46.746411,25594.52489,1159.750577,22.068991,449.599487,9.052211,359.675257,21.786772,25.628653,25.807516,25.449789,42.372838,0.976771,405.936587,1237.097298,1932.490033,1237.597298,2164.009967,1.354102,-46.72707,1788735.718,1765.219818,1013.321797,4040.176025,632.635847,361.436604,23.754718,24.570491,25.756155,23.384828,356.558516,0.990594,554804.1439,3225.618861,2228.081168,3226.118861,1868.418832,1.374978,-46.693532,1031697.126,1534.997058,672.11668,2341.114502,364.888216,361.660153,23.903558,24.569574,25.349338,23.789809,21.287494,0.992585,184398.3161
coj1m003-fl11-20181024-0135-e91.fits,0,58416.05807,2458416.058,2458416.061826,1.037369,23.557892,30,53,80,1.409648,0.072975,0.029452,0.024994,0.008653,1.732715,0.577129,0.001389,0.000425,0.00041,0.000401,0.000392,0.003,0.000999,1014.933779,171.875704,71.797018,62.360783,22.048014,577.620953,577.620953,2904973.061,2338.812454,2041.211496,2039.748611,2041.711496,2056.751389,1.36255,-46.714927,4094990.701,2827.433388,2325.83963,1760.650497,9478.683594,1448.306693,353.921477,9680,20.560929,23.451715,24.401791,22.501638,10.656763,0.992461,3281061.655,2468.967971,1908.354401,2469.467971,2188.145599,1.367056,-46.728789,211989.7946,1221.524229,173.545305,844.391846,74.976053,350.132208,19.007341,23.199768,24.121064,22.278473,16.157849,0.991196,9212.881086,2089.189709,2093.037715,2089.689709,2003.462285,1.36305,-46.70913,85557.59683,1189.666941,71.917269,550.177002,30.25981,352.692417,22.16509,24.933338,25.576967,24.28971,36.868401,0.966059,1574.478129,2324.686087,1920.894115,2325.186087,2175.605885,1.365539,-46.727552,72606.53617,1162.829636,62.43953,546.593933,25.679309,349.457689,19.08063,23.991289,24.580714,23.401865,345.777497,0.996881,1309.36471,2375.149669,1746.387818,2375.649669,2350.112182,1.366083,-46.746373,25137.10607,1139.927869,22.051488,443.485992,8.890433,349.411791,13.317798,23.599778,22.12749,25.072066,67.34512,0.968767,405.81378,1237.025364,1932.361022,1237.525364,2164.138978,1.354104,-46.727066,1841937.592,1767.323802,1042.218517,4403.112305,651.452162,350.685984,20.888753,23.438028,24.477065,22.398991,0.696554,0.992165,669420.0853,3225.460638,2227.935587,3225.960638,1868.564413,1.374978,-46.693547,1063035.468,1531.864966,693.948548,2686.627686,375.971888,351.263245,22.891923,23.539715,24.210612,22.868818,22.084063,0.993695,219324.6823
coj1m003-fl11-20181024-0136-e91.fits,0,58416.05879,2458416.059,2458416.062547,1.037486,45.488526,30,53,80,1.413616,0.074343,0.029559,0.024915,0.00872,1.730504,0.577866,0.001403,0.000427,0.000414,0.000403,0.000395,0.003018,0.001008,1007.741594,174.058823,71.448145,61.859792,22.077344,573.4609,573.4609,2849719.628,2311.593031,2042.164669,2040.628572,2042.664669,2055.871428,1.362549,-46.714911,4028409.703,2827.433388,2302.566515,1749.530221,7757.543945,1424.758482,344.354092,9602,23.540814,25.332459,26.392202,24.272716,9.514641,0.992195,2554342.332,2469.694517,1909.160758,2470.194517,2187.339242,1.367054,-46.728783,211855.6382,1204.956812,175.820109,760.772522,74.928605,339.897553,23.26799,25.387509,26.452808,24.322211,9.152655,0.992214,7338.794332,2090.166541,2094.237687,2090.666541,2002.262313,1.36305,-46.70908,84235.91732,1176.998045,71.568443,555.425781,29.792361,342.734366,164.325404,26.767041,27.25521,26.278871,34.691217,0.989277,1291.036195,2325.860969,1921.042921,2326.360969,2175.457079,1.365541,-46.727617,71000.20611,1146.314312,61.937817,525.286194,25.111186,340.50734,21.949134,25.938895,26.709685,25.168106,19.728802,0.994085,1074.617867,2376.379775,1746.189922,2376.879775,2350.310078,1.366086,-46.746478,24848.70009,1125.348911,22.080885,439.455017,8.78843,340.111121,14.952832,25.980706,27.033868,24.927543,23.191298,0.986233,389.712421,1238.120103,1933.145231,1238.620103,2163.354769,1.354104,-46.727064,1806059.103,1746.334676,1034.199875,3665.537842,638.762742,340.280446,23.463137,25.301266,26.4645,24.138032,359.765152,0.99158,517031.8859,3226.352346,2228.527493,3226.852346,1867.972507,1.374978,-46.69356,1043660.525,1514.522215,689.102157,2358.691162,369.119403,341.477777,23.362482,25.229215,26.025444,24.432986,20.304037,0.993101,175572.7351
coj1m003-fl11-20181024-0137-e91.fits,0,58416.0595,2458416.06,2458416.063263,1.037615,29.216306,30,53,80,1.409542,0.073442,0.030569,0.025023,0.008965,1.743992,0.573397,0.001396,0.000426,0.000414,0.000402,0.000394,0.00304,0.001,1009.495495,172.373969,73.905349,62.306847,22.754929,573.607129,573.607129,2865736.525,2319.366174,2042.963498,2040.741733,2043.463498,2055.758267,1.362549,-46.714919,4039374.898,2827.433388,2307.182187,1750.782803,7882.150879,1428.636627,346.679318,9619,23.109564,25.205737,26.259339,24.152134,8.272549,0.992421,2611902.246,2470.666871,1909.512702,2471.166871,2186.987298,1.367056,-46.728764,210465.214,1209.039915,174.076316,777.240906,74.436843,341.877201,22.395605,24.825312,25.80373,23.846894,14.552561,0.991886,7591.628898,2090.575699,2093.929067,2091.075699,2002.570933,1.363046,-46.709134,87602.18718,1183.20711,74.037915,895.896912,30.982936,344.740018,20.562617,27.424847,27.917127,26.932566,33.399022,0.991702,1396.459821,2326.390102,1921.154305,2326.890102,2175.345695,1.365538,-46.727625,71709.08382,1149.437868,62.38622,511.678436,25.3619,341.446042,23.647781,25.563394,26.158841,24.967947,26.985885,0.993734,1077.789386,2376.832603,1747.239528,2377.332603,2349.260472,1.366082,-46.746384,25690.95256,1128.836532,22.758789,433.701782,9.086316,341.43651,23.971167,24.956423,25.718876,24.19397,32.282321,0.979798,387.10059,1238.951368,1933.261711,1239.451368,2163.238289,1.354104,-46.727071,1821369.041,1753.786875,1038.534993,3791.386963,644.177524,343.011877,23.045111,25.150368,26.341156,23.959581,359.270743,0.991067,541055.4092,3227.368036,2228.865545,3227.868036,1867.634455,1.37498,-46.693543,1044367.484,1517.791503,688.083628,2428.839111,369.369439,344.131606,22.293768,24.941857,25.611552,24.272161,22.363903,0.994295,181010.01
coj1m003-fl11-20181024-0138-e91.fits,0,58416.06022,2458416.06,2458416.063982,1.037758,27.928749,30,53,80,1.410962,0.074493,0.029597,0.024223,0.009758,1.730833,0.577757,0.001426,0.000441,0.000428,0.000418,0.000411,0.003085,0.00103,989.182058,168.911006,69.164443,58.005205,23.721827,560.97677,560.97677,2820084.55,2335.449695,2042.297628,2041.718195,2042.797628,2054.781805,1.362548,-46.71492,3979033.493,2827.433388,2307.021629,1724.749106,8105.48291,1407.29522,363.050191,9573,22.513106,24.815441,25.679058,23.951825,12.297914,0.994154,2672382.635,2470.100465,1910.537784,2470.600465,2185.962216,1.367055,-46.728759,210075.5944,1231.477634,170.588234,805.41333,74.299043,358.822847,22.91702,24.922252,25.636815,24.207689,18.477959,0.994859,7753.499286,2090.11879,2094.717178,2090.61879,2001.782822,1.363047,-46.709157,83466.12697,1204.796743,69.278181,548.841858,29.520104,361.682138,23.485885,26.317478,26.56775,26.067207,41.261257,0.978644,1348.911645,2325.830713,1922.029742,2326.330713,2174.470258,1.365537,-46.727636,68309.7849,1176.289707,58.072246,542.501587,24.159644,359.283296,22.018721,25.108155,25.072906,25.143404,46.649571,0.99762,1081.286701,2375.861297,1747.654528,2376.361297,2348.845472,1.366077,-46.74644,27517.31651,1159.776012,23.726406,444.805145,9.73226,358.233677,NaN,27.097901,27.795917,26.399884,326.276174,0.98198,398.706643,1238.008225,1934.330015,1238.508225,2162.169985,1.354102,-46.727055,1787401.563,1760.820795,1015.095669,3738.157959,632.163987,359.55962,23.573316,24.84251,25.883331,23.801689,3.670355,0.992887,535236.4578,3226.8275,2229.803462,3227.3275,1866.696538,1.374978,-46.69356,1032682.988,1534.221433,673.099049,2309.664307,365.236894,360.637737,23.84814,24.907731,25.590478,24.224985,25.180317,0.992626,178490.9484
coj1m003-fl11-20181024-0139-e91.fits,0,58416.06094,2458416.061,2458416.064700,1.037914,26.936384,30,53,80,1.412504,0.074347,0.029566,0.025071,0.009805,1.741168,0.574327,0.001401,0.000428,0.000414,0.000403,0.000395,0.00304,0.001003,1007.931654,173.625726,71.404259,62.281428,24.820756,572.72587,572.72587,2860011.708,2319.874883,2041.948616,2041.951872,2042.448616,2054.548128,1.362548,-46.714894,4039777.985,2827.433388,2307.885677,1750.423786,7827.449219,1428.77919,347.096007,9595,23.595968,25.359264,26.588054,24.130474,5.177343,0.99034,2603683.022,2469.781812,1910.509245,2470.281812,2185.990755,1.367055,-46.728754,212633.1464,1212.457694,175.373662,761.047913,75.203592,342.776674,23.513529,25.64522,26.917742,24.372697,9.577475,0.989017,7400.493076,2089.693142,2095.105486,2090.193142,2001.394514,1.363046,-46.709112,84557.83587,1182.224828,71.524328,537.930359,29.906217,345.781009,21.358681,26.613227,27.76057,25.465885,28.748017,0.974349,1332.394961,2325.704936,1922.372595,2326.204936,2174.127405,1.36554,-46.727592,71702.66537,1149.798755,62.361057,525.176147,25.35963,342.673463,20.638016,25.63802,26.580071,24.695969,15.102061,0.992789,1080.077974,2375.583466,1748.715123,2376.083466,2347.784877,1.366078,-46.746319,28042.88279,1129.5868,24.825788,436.877563,9.918141,341.719493,23.852462,28.288446,27.688661,28.88823,56.046369,0.9873,403.347673,1237.825846,1934.516494,1238.325846,2161.983506,1.354104,-46.727048,1816656.529,1754.585382,1035.376532,3792.767578,642.510814,343.376851,23.346477,25.284027,26.664835,23.90322,358.113256,0.988089,535675.1537,3226.316553,2230.022051,3226.816553,1866.477949,1.374976,-46.693513,1043355.179,1517.646074,687.482541,2223.392822,369.011409,344.092077,24.320807,25.269247,26.291046,24.247448,15.110415,0.991269,175112.1994
coj1m003-fl11-20181024-0140-e91.fits,0,58416.06166,2458416.062,2458416.065421,1.038082,25.061647,30,53,80,1.407253,0.074557,0.02999,0.023497,0.007861,1.730216,0.577962,0.001392,0.000424,0.000411,0.0004,0.000392,0.003001,0.001003,1011.29143,175.640463,72.934723,58.747418,20.066615,576.503408,576.503408,2866225.282,2313.895974,2044.338564,2041.947185,2044.838564,2054.552815,1.362548,-46.714887,4033505.066,2827.433388,2303.216147,1751.249039,8863.079102,1426.560598,343.529406,9675,21.145441,24.112849,25.26089,22.964809,6.234309,0.990532,3028786.859,2472.071766,1910.592973,2472.571766,2185.907027,1.367055,-46.728741,213697.4607,1204.382496,177.433217,853.239929,75.580016,338.604905,18.070004,24.170007,25.327213,23.012801,11.294584,0.989293,8919.84103,2092.051555,2095.047026,2092.551555,2001.452974,1.363045,-46.70911,85958.57378,1176.523847,73.06148,571.348389,30.401626,341.424002,20.660495,25.648419,26.279782,25.017056,32.808278,0.985796,1537.115092,2328.064814,1922.351372,2328.564814,2174.148628,1.36554,-46.72759,67346.72628,1145.087638,58.8136,534.148621,23.819032,339.636334,20.245255,23.426582,25.35517,21.497995,1.965652,0.973128,1220.876817,2377.726443,1748.430078,2378.226443,2348.069922,1.366076,-46.74635,22532.61159,1122.743145,20.069249,430.229095,7.969281,338.8964,NaN,22.580963,23.858486,21.303441,328.914933,0.94163,405.198387,1240.330853,1934.451796,1240.830853,2162.048204,1.354103,-46.727048,1816409.025,1749.378037,1038.31704,4278.279785,642.423278,339.589487,20.950957,24.106237,25.432052,22.780422,358.24649,0.987928,618460.1901,3228.69365,2229.9546,3229.19365,1866.5454,1.374978,-46.693511,1049816.257,1514.52668,693.164585,2497.930176,371.296548,340.383952,22.361344,23.84012,24.579013,23.101226,23.276678,0.99189,211674.9042
coj1m003-fl11-20181024-0141-e91.fits,0,58416.06237,2458416.062,2458416.066135,1.038263,22.380602,30,53,80,1.407869,0.073481,0.02937,0.024274,0.008822,1.735746,0.576121,0.001382,0.00042,0.000405,0.000396,0.000388,0.002989,0.000992,1018.993279,174.930456,72.428866,61.324752,22.710452,580.678959,580.678959,2897091.484,2320.516629,2045.265643,2042.344232,2045.765643,2054.155768,1.362549,-46.714928,4078725.876,2827.433388,2312.668403,1763.644918,10061.80078,1442.554188,344.036032,9746,18.577381,23.402007,24.478142,22.325871,10.425247,0.990355,3337135.493,2472.966882,1910.994322,2473.466882,2185.505678,1.367056,-46.728784,212881.2107,1204.94259,176.673322,864.306824,75.291327,339.677433,18.813148,23.193503,24.357327,22.02968,16.628276,0.985669,9553.485202,2093.208248,2095.771153,2093.708248,2000.728847,1.363049,-46.709117,85086.6854,1172.783505,72.551059,588.474426,30.093259,342.537301,14.48217,24.634967,26.172748,23.097185,26.551078,0.957096,1628.93908,2328.969092,1922.916379,2329.469092,2173.583621,1.365541,-46.727615,70325.43698,1145.386543,61.398868,534.031006,24.872535,339.967571,19.631488,22.975694,24.297977,21.653412,15.487895,0.982096,1324.434755,2379.921515,1748.847181,2380.421515,2347.652819,1.36609,-46.746389,25558.62422,1125.226168,22.714211,433.053223,9.039514,339.445594,18.090837,25.369572,24.251886,26.487257,85.7806,0.992096,401.272723,1241.216249,1934.894882,1241.716249,2161.605118,1.354104,-46.727078,1838114.689,1755.531154,1047.041908,4474.366211,650.100086,340.511927,21.190864,23.29715,24.579724,22.014576,1.762114,0.987904,688473.9492,3229.461502,2230.346524,3229.961502,1866.153476,1.374977,-46.693563,1058976.795,1517.533457,697.827642,2795.148926,374.536426,340.933794,20.816681,23.447149,24.281165,22.613132,24.597749,0.988179,223507.3189
coj1m003-fl11-20181024-0142-e91.fits,0,58416.06309,2458416.063,2458416.066853,1.038457,23.753569,30,53,80,1.410007,0.074487,0.030157,0.024508,0.009868,1.729758,0.578116,0.001413,0.000435,0.000421,0.000412,0.000404,0.003051,0.00102,997.724427,171.324018,71.573912,59.556487,24.414259,566.91691,566.91691,2844334.09,2332.587429,2045.87157,2042.408036,2046.37157,2054.091964,1.362551,-46.714904,4010531.564,2827.433388,2310.957595,1735.441435,9173.895508,1418.435384,358.676674,9545,19.675853,23.683927,24.595175,22.772679,10.702778,0.993189,3106606.856,2473.446101,1910.96974,2473.946101,2185.53026,1.367056,-46.728773,211865.4297,1224.369347,173.040456,886.144043,74.932068,353.342483,22.236549,23.557629,24.369428,22.74583,14.477498,0.993811,8945.490328,2093.464484,2095.598751,2093.964484,2000.901249,1.363047,-46.709118,85777.09494,1196.374521,71.697527,609.925049,30.337441,356.848575,20.556338,26.092234,26.693297,25.49117,27.846636,0.993325,1487.914683,2329.122888,1922.930298,2329.622888,2173.569702,1.365538,-46.727599,69710.18374,1169.091605,59.627649,573.798584,24.654934,353.807355,18.49614,24.207965,25.354613,23.061316,17.229809,0.986858,1196.157065,2379.489518,1748.6954,2379.989518,2347.8046,1.366081,-46.746394,28066.69497,1149.372118,24.419154,457.650452,9.926563,352.981908,20.795405,27.06503,27.60552,26.524541,356.406543,0.998381,418.761988,1241.715114,1934.839257,1242.215114,2161.660743,1.354104,-46.727065,1802361.053,1760.223558,1023.938718,4440.154297,637.454824,355.034678,20.164523,23.619773,24.716518,22.523028,358.242805,0.99138,633041.0315,3229.989448,2230.311524,3230.489448,1866.188476,1.374979,-46.693552,1041973.037,1530.547987,680.784298,2627.624756,368.522577,354.789959,21.969573,23.720388,24.348319,23.092457,26.554,0.992232,208455.1549
coj1m003-fl11-20181024-0143-e91.fits,0,58416.06381,2458416.064,2458416.067571,1.038672,45.879888,30,53,80,1.409685,0.073654,0.031192,0.023889,0.008556,1.736326,0.575929,0.001437,0.000444,0.000432,0.000418,0.000411,0.00312,0.001035,981.268269,166.068647,72.165125,57.176675,20.799991,556.543637,556.543637,2764057.262,2305.855583,2046.26572,2044.69318,2046.76572,2051.80682,1.362549,-46.714898,3896451.003,2827.433388,2280.691262,1708.451761,6813.043457,1378.087639,352.419983,9485,24.101232,27.226385,27.771525,26.681245,358.839852,0.998395,1949268.41,2473.918313,1913.139072,2474.418313,2183.360928,1.367055,-46.728772,203584.1686,1214.082244,167.685649,719.769836,72.003171,347.014489,23.195721,27.096749,27.751632,26.441866,9.856329,0.997367,5758.39079,2093.747354,2097.650772,2094.247354,1998.849228,1.363044,-46.709137,86216.62425,1192.546182,72.296256,517.566467,30.492893,350.032363,162.857473,29.712568,30.376067,29.04907,35.382776,0.981639,1021.527964,2329.628939,1925.478918,2330.128939,2171.021082,1.365537,-46.727559,66031.3382,1153.550478,57.241828,529.173462,23.353809,347.264787,23.942823,26.4353,27.166019,25.704581,32.026686,0.984059,934.064279,2380.859836,1751.001666,2381.359836,2345.498334,1.36609,-46.746377,23648.33343,1136.768399,20.803124,448.935516,8.363887,346.747367,15.477561,26.25778,24.644764,27.870796,65.897736,0.966273,379.333559,1242.187284,1937.063613,1242.687284,2159.436387,1.354104,-46.727078,1753922.873,1739.712283,1008.168356,3419.350586,620.323322,348.076162,24.014226,27.28772,27.932405,26.643035,343.428184,0.996819,392339.8867,3230.600057,2232.693563,3231.100057,1863.806437,1.374978,-46.693519,1010134.39,1513.397219,667.461508,2082.500977,357.261958,348.728425,23.816607,27.069235,27.387626,26.750844,23.657161,0.998796,134848.6503
coj1m003-fl11-20181024-0144-e91.fits,0,58416.06458,2458416.065,2458416.068337,1.038899,25.99266,30,53,80,1.410761,0.074711,0.029201,0.025094,0.008583,1.741249,0.5743,0.001411,0.000434,0.00042,0.00041,0.000402,0.003072,0.001013,999.545509,172.292364,69.506834,61.235467,21.357726,566.895316,566.895316,2846448.85,2330.734626,2046.020339,2042.823097,2046.520339,2053.676903,1.362551,-46.714899,4015657.846,2827.433388,2308.358277,1739.61637,9386.121094,1420.248436,355.766734,9617,20.194183,23.871146,24.827264,22.915028,5.318046,0.993378,3074894.67,2473.595371,1911.614046,2474.095371,2184.885954,1.367056,-46.72874,212661.4292,1221.960888,174.032926,845.687195,75.213595,351.273265,20.477108,23.878653,24.761182,22.996123,3.090129,0.994487,8948.130373,2093.666461,2096.067004,2094.166461,2000.432996,1.363048,-46.709108,83118.54785,1193.894415,69.619681,589.05896,29.397173,354.418817,18.136573,24.904137,25.965314,23.84296,29.902339,0.971393,1536.873888,2329.574909,1923.387593,2330.074909,2173.112407,1.365541,-46.727587,71428.75928,1164.993359,61.312589,545.314575,25.262756,351.130319,19.296671,24.253934,25.275118,23.23275,25.759944,0.981751,1268.87544,2380.842725,1749.471047,2381.342725,2347.028953,1.366093,-46.746343,24429.6896,1143.658907,21.360993,465.677582,8.640235,351.060829,16.532738,23.454898,24.355698,22.554099,8.316747,0.993592,415.57237,1241.811336,1935.182737,1242.311336,2161.317263,1.354105,-46.727069,1808072.245,1760.545985,1026.995182,4402.320312,639.474745,352.452265,20.599869,23.822521,24.922144,22.722897,355.915869,0.991339,631707.9632,3230.576927,2231.028559,3231.076927,1865.471441,1.374982,-46.693515,1038376.604,1527.351213,679.854506,2705.842041,367.250599,353.70932,20.831593,23.548385,24.094747,23.002024,24.445422,0.995024,214433.4682
coj1m003-fl11-20181024-0145-e91.fits,0,58416.06529,2458416.065,2458416.069052,1.039134,22.910435,30,53,80,1.405328,0.074775,0.028955,0.024015,0.009258,1.743785,0.573465,0.001386,0.000424,0.00041,0.000399,0.000391,0.003023,0.000994,1014.080159,176.394954,70.610073,60.246285,23.680988,576.871809,576.871809,2887118.826,2324.371758,2046.804885,2041.150732,2047.304885,2055.349268,1.362547,-46.714891,4057348.027,2827.433388,2310.42371,1756.105605,9475.941406,1434.993321,346.578093,9602,20.443926,23.530839,24.592137,22.469541,8.178222,0.991198,3286229.876,2474.672149,1909.765292,2475.172149,2186.734708,1.367055,-46.728749,215884.3853,1211.465282,178.20105,844.753113,76.353482,342.162128,19.525528,23.672915,24.873878,22.471952,13.932373,0.986895,9506.482086,2094.565404,2094.331284,2095.065404,2002.168716,1.363045,-46.709106,83595.30253,1181.986041,70.724441,554.43103,29.56579,345.434473,20.856108,24.794302,25.977777,23.610826,25.929145,0.976217,1572.795108,2330.663575,1921.594663,2331.163575,2174.905337,1.36554,-46.727591,69333.82494,1149.485327,60.317277,540.603821,24.521824,342.679672,16.468411,23.434914,24.821484,22.048345,19.377753,0.977134,1278.351172,2381.407508,1747.357291,2381.907508,2349.142709,1.366088,-46.746384,26729.52673,1128.528459,23.685293,432.9534,9.453636,341.827741,13.592875,24.524544,26.013061,23.036027,11.049991,0.982961,430.48294,1242.762798,1933.525012,1243.262798,2162.974988,1.354102,-46.727067,1834879.272,1758.582168,1043.385578,4437.359375,648.955791,343.485037,20.71404,23.705835,25.027502,22.384169,0.747238,0.987635,655918.7477,3231.261728,2229.144732,3231.761728,1867.355268,1.374978,-46.693518,1052239.554,1519.898953,692.308888,2580.479248,372.153614,343.591504,22.779496,23.655386,24.525135,22.785637,19.640785,0.990999,216317.8234
coj1m003-fl11-20181024-0146-e91.fits,0,58416.06602,2458416.066,2458416.069781,1.039383,23.628838,30,53,80,1.409103,0.07457,0.028214,0.024528,0.008863,1.737706,0.575471,0.001403,0.00043,0.000416,0.000406,0.000399,0.003045,0.001008,1004.088466,173.244111,67.756281,60.355674,22.196477,570.674314,570.674314,2856001.882,2325.329075,2046.728227,2042.284405,2047.228227,2054.215595,1.362549,-46.714913,4024399.607,2827.433388,2308.220602,1743.50736,9232.594727,1423.340201,352.282394,9731,21.431125,23.706703,24.665791,22.747615,12.021128,0.992176,3131780.054,2474.570983,1910.999829,2475.070983,2185.500171,1.367056,-46.72876,212972.6193,1217.030158,174.993707,874.709961,75.323656,348.118834,19.078332,23.657841,24.619784,22.695897,17.791763,0.990034,9160.387937,2094.613968,2095.470319,2095.113968,2001.029681,1.363048,-46.709127,80579.97035,1187.450955,67.85962,568.463867,28.499335,350.88727,17.952551,24.093141,24.762572,23.423709,36.02036,0.96757,1505.806063,2330.453773,1922.852944,2330.953773,2173.647056,1.36554,-46.727599,70051.69543,1159.245813,60.428681,543.836792,24.775719,347.890545,22.219332,23.366528,24.552195,22.180861,19.785014,0.982756,1258.712414,2380.094348,1748.988843,2380.594348,2347.511157,1.366076,-46.746351,25312.02108,1140.175857,22.200103,444.912506,8.952296,347.443412,18.795196,24.512696,23.198787,25.826605,291.671909,0.978395,407.886782,1242.714545,1934.809725,1243.214545,2161.690275,1.354104,-46.727068,1812791.861,1757.315281,1031.568939,4273.067871,641.143968,348.926294,21.728656,23.716085,24.851409,22.58076,3.421021,0.990744,637665.0019,3231.045291,2230.205955,3231.545291,1866.294045,1.374978,-46.693553,1043210.021,1522.825764,685.048838,2682.765625,368.96007,349.546112,21.286237,23.576737,24.241057,22.912417,24.403585,0.99269,213812.212
coj1m003-fl11-20181024-0147-e91.fits,0,58416.06674,2458416.067,2458416.070496,1.039643,24.282549,30,53,80,1.407868,0.074386,0.02944,0.025228,0.009342,1.731543,0.57752,0.001448,0.000454,0.00044,0.000431,0.000423,0.003147,0.001049,972.605125,163.680995,66.856982,58.548217,22.08795,550.289254,550.289254,2791263.039,2354.821809,2047.915247,2040.973735,2048.415247,2055.526265,1.36255,-46.714929,3929730.643,2827.433388,2309.523426,1701.533138,8968.387695,1389.857904,379.772749,9650,21.020224,23.811161,24.770612,22.851709,11.224383,0.992421,2963254.854,2475.404988,1909.726422,2475.904988,2186.773578,1.367055,-46.728777,207632.2773,1256.36551,165.264229,878.767212,73.434896,375.633537,20.182134,23.921847,24.709714,23.13398,16.634658,0.993807,8638.814946,2095.456216,2093.86299,2095.956216,2002.63701,1.363046,-46.709176,82175.13551,1227.16156,66.963583,599.725525,29.063509,378.216981,19.064714,25.285763,25.536619,25.034907,41.55518,0.972646,1513.213637,2331.746012,1921.560061,2332.246012,2174.939939,1.365543,-46.727617,70418.44564,1201.274713,58.619769,581.40094,24.90543,375.37063,17.711528,24.606725,24.969371,24.244079,38.164852,0.984452,1207.353791,2381.576182,1747.604493,2382.076182,2348.895507,1.366081,-46.746382,26075.06125,1180.305728,22.091786,471.362671,9.222166,374.61607,23.470801,25.388895,25.119253,25.658536,48.806442,0.974299,417.793855,1243.919228,1933.467365,1244.419228,2163.032635,1.354105,-46.727087,1769399.938,1773.773182,997.534496,4180.888184,625.797214,375.967258,21.787077,23.85868,24.944676,22.772684,359.782651,0.991746,593886.095,3232.183347,2228.997316,3232.683347,1867.502684,1.374981,-46.69356,1021863.102,1548.842939,659.759021,2479.678955,361.410142,376.585416,23.112525,23.6421,24.335112,22.949089,23.026226,0.992876,204640.1208
coj1m003-fl11-20181024-0148-e91.fits,0,58416.06745,2458416.067,2458416.071212,1.039916,24.778554,30,53,80,1.409475,0.07422,0.029444,0.024209,0.009074,1.730064,0.578013,0.001481,0.000474,0.00046,0.00045,0.000443,0.003228,0.001078,951.880855,156.729277,63.991917,53.853168,20.501015,535.995992,535.995992,2769723.272,2395.182505,2048.36543,2042.202179,2048.86543,2054.297821,1.36255,-46.714892,3903854.866,2827.433388,2328.694569,1676.413437,8678.955078,1380.70622,409.468402,9740,21.521463,24.024389,24.998471,23.050306,8.715934,0.9928,2874718.056,2475.968646,1910.896233,2476.468646,2185.603767,1.367055,-46.728741,205567.7549,1299.507579,158.188962,873.324097,72.704721,405.110041,21.667285,23.978928,25.002799,22.955056,9.693195,0.991834,8346.714618,2096.080757,2095.566778,2096.580757,2000.933222,1.363047,-46.709088,81552.70633,1272.469129,64.090126,604.387695,28.84337,408.044529,21.25358,25.008072,25.828414,24.187729,33.213801,0.973144,1482.672373,2332.081697,1922.511533,2332.581697,2173.988467,1.365541,-46.727605,67051.46107,1243.728319,53.911662,597.370911,23.714603,404.977399,21.394891,23.967335,25.626882,22.307788,4.54119,0.980519,1181.925089,2382.209748,1748.548079,2382.709748,2347.951921,1.366082,-46.746367,25132.69905,1225.731962,20.504237,544.838928,8.888874,404.672833,19.436044,24.282254,26.880173,21.684336,7.288224,0.952218,441.538891,1244.075118,1934.716973,1244.575118,2161.783027,1.354103,-46.72705,1755196.356,1798.637093,975.84797,4135.726074,620.773725,404.708142,22.222427,24.191169,25.40498,22.977359,359.739794,0.989979,569331.6717,3232.669577,2230.247697,3233.169577,1866.252303,1.374978,-46.693517,1014526.916,1581.709152,641.411801,2567.635498,358.815497,407.589361,21.671641,23.948637,24.761353,23.135921,20.112697,0.992116,196496.0062