,Label,slice,Saturated,J.D.-2400000,JD_UTC,BJD_TDB,AIRMASS,EXPTIME,FWHM_Mean,Source_Radius,FWHM_Mult,Source_Rad(base),Sky_Rad(min),Sky_Rad(max),rel_flux_T1,rel_flux_T2,rel_flux_T3,rel_flux_T4,rel_flux_T5,rel_flux_T6,rel_flux_T7,rel_flux_C8,rel_flux_C9,rel_flux_C10,rel_flux_err_T1,rel_flux_err_T2,rel_flux_err_T3,rel_flux_err_T4,rel_flux_err_T5,rel_flux_err_T6,rel_flux_err_T7,rel_flux_err_C8,rel_flux_err_C9,rel_flux_err_C10,rel_flux_SNR_T1,rel_flux_SNR_T2,rel_flux_SNR_T3,rel_flux_SNR_T4,rel_flux_SNR_T5,rel_flux_SNR_T6,rel_flux_SNR_T7,rel_flux_SNR_C8,rel_flux_SNR_C9,rel_flux_SNR_C10,tot_C_cnts,tot_C_err,X(IJ)_T1,Y(IJ)_T1,X(FITS)_T1,Y(FITS)_T1,RA_T1,DEC_T1,Source-Sky_T1,N_Src_Pixels_T1,Source_Error_T1,Source_SNR_T1,Peak_T1,Mean_T1,Sky/Pixel_T1,N_Sky_Pixels_T1,FWHM_T1,Width_T1,X-Width_T1,Y-Width_T1,Angle_T1,Roundness_T1,X(IJ)_T2,Y(IJ)_T2,X(FITS)_T2,Y(FITS)_T2,RA_T2,DEC_T2,Source-Sky_T2,Source_Error_T2,Source_SNR_T2,Peak_T2,Mean_T2,Sky/Pixel_T2,FWHM_T2,Width_T2,X-Width_T2,Y-Width_T2,Angle_T2,Roundness_T2,X(IJ)_T3,Y(IJ)_T3,X(FITS)_T3,Y(FITS)_T3,RA_T3,DEC_T3,Source-Sky_T3,Source_Error_T3,Source_SNR_T3,Peak_T3,Mean_T3,Sky/Pixel_T3,FWHM_T3,Width_T3,X-Width_T3,Y-Width_T3,Angle_T3,Roundness_T3,X(IJ)_T4,Y(IJ)_T4,X(FITS)_T4,Y(FITS)_T4,RA_T4,DEC_T4,Source-Sky_T4,Source_Error_T4,Source_SNR_T4,Peak_T4,Mean_T4,Sky/Pixel_T4,FWHM_T4,Width_T4,X-Width_T4,Y-Width_T4,Angle_T4,Roundness_T4,X(IJ)_T5,Y(IJ)_T5,X(FITS)_T5,Y(FITS)_T5,RA_T5,DEC_T5,Source-Sky_T5,Source_Error_T5,Source_SNR_T5,Peak_T5,Mean_T5,Sky/Pixel_T5,FWHM_T5,Width_T5,X-Width_T5,Y-Width_T5,Angle_T5,Roundness_T5,X(IJ)_T6,Y(IJ)_T6,X(FITS)_T6,Y(FITS)_T6,RA_T6,DEC_T6,Source-Sky_T6,Source_Error_T6,Source_SNR_T6,Peak_T6,Mean_T6,Sky/Pixel_T6,FWHM_T6,Width_T6,X-Width_T6,Y-Width_T6,Angle_T6,Roundness_T6,X(IJ)_T7,Y(IJ)_T7,X(FITS)_T7,Y(FITS)_T7,RA_T7,DEC_T7,Source-Sky_T7,Source_Error_T7,Source_SNR_T7,Peak_T7,Mean_T7,Sky/Pixel_T7,FWHM_T7,Width_T7,X-Width_T7,Y-Width_T7,Angle_T7,Roundness_T7,X(IJ)_C8,Y(IJ)_C8,X(FITS)_C8,Y(FITS)_C8,RA_C8,DEC_C8,Source-Sky_C8,Source_Error_C8,Source_SNR_C8,Peak_C8,Mean_C8,Sky/Pixel_C8,FWHM_C8,Width_C8,X-Width_C8,Y-Width_C8,Angle_C8,Roundness_C8,X(IJ)_C9,Y(IJ)_C9,X(FITS)_C9,Y(FITS)_C9,RA_C9,DEC_C9,Source-Sky_C9,Source_Error_C9,Source_SNR_C9,Peak_C9,Mean_C9,Sky/Pixel_C9,FWHM_C9,Width_C9,X-Width_C9,Y-Width_C9,Angle_C9,Roundness_C9,X(IJ)_C10,Y(IJ)_C10,X(FITS)_C10,Y(FITS)_C10,RA_C10,DEC_C10,Source-Sky_C10,Source_Error_C10,Source_SNR_C10,Peak_C10,Mean_C10,Sky/Pixel_C10,FWHM_C10,Width_C10,X-Width_C10,Y-Width_C10,Angle_C10,Roundness_C10
1,coj1m011-fa12-20200604-0266-e91.fits,1,0,59005.31031,2459005.310309,2459005.311393,1.667756,45.028,11.942689,16.532589,1.35,18,28,42,0.342531,0.243958,0.10098,0.030311,0.084096,0.020562,0.006192,0.582282,0.474158,0.450015,0.00053,0.000452,0.00034,0.000285,0.000326,0.000276,0.000265,0.00094,0.000797,0.000767,646.315727,539.549481,297.386724,106.31581,258.004397,74.563047,23.371283,619.586092,594.578216,586.362736,2440508.793,1912.012513,2139.939332,2066.080181,2140.439332,2030.419819,2.867847,-67.686843,835950.5882,858.680572,1115.339108,749.503521,7883.289551,973.529174,357.467022,2640,12.020751,12.031146,12.338314,11.723977,336.314104,0.994323,2273.390962,1860.381833,2273.890962,2236.118167,2.870444,-67.70888,595382.268,1000.046099,595.354823,5769.269043,693.368742,353.948434,12.04587,11.995249,12.258307,11.732191,332.242224,0.994005,2206.942593,2318.149836,2207.442593,1778.350164,2.869046,-67.659452,246442.2268,805.886991,305.802463,2528.228516,287.001051,353.635499,12.169598,12.099415,12.447259,11.75157,338.109783,0.993668,2196.192702,2199.310592,2196.692702,1897.189408,2.868877,-67.672331,73975.31528,693.389428,106.686535,1018.929077,86.149981,354.789474,11.960106,11.769468,12.284606,11.254329,343.456214,0.989125,2039.386107,1789.342487,2039.886107,2307.157513,2.866013,-67.716955,205236.0091,779.054705,263.442359,2194.622559,239.013221,353.296368,11.990974,11.75898,12.073094,11.444867,332.293974,0.991155,1741.529241,2111.428986,1742.029241,1985.071014,2.860264,-67.68255,50181.90352,671.863752,74.690595,812.131226,58.440711,350.827207,11.936807,11.242171,12.219525,10.264818,359.004035,0.970184,2486.002707,2068.37063,2486.502707,2028.12937,2.874422,-67.685996,15111.17599,646.461848,23.375202,510.68573,17.598134,355.885363,11.403833,11.021783,11.940681,10.102885,357.975264,0.972442,2196.313893,2775.290625,2196.813893,1321.209375,2.86871,-67.609997,898110.5584,1141.7732,786.592782,8415.478516,1045.919272,357.625559,11.949,12.04459,12.362218,11.726963,335.732649,0.993665,3057.323957,1842.299728,3057.823957,2254.200272,2.885361,-67.709342,784981.1209,1090.066409,720.122292,7161.021973,914.171284,354.483913,11.913571,12.02996,12.31253,11.74739,331.405299,0.992492,2389.913158,851.801013,2390.413158,3244.698987,2.872976,-67.817826,757417.1136,1078.842451,702.064618,6964.488281,882.070863,357.116411,12.036384,11.84939,12.227093,11.471688,338.44421,0.99239
2,coj1m011-fa12-20200604-0267-e91.fits,2,0,59005.31115,2459005.311147,2459005.312231,1.663334,44.976,12.886471,16.499013,1.35,18,28,42,0.341356,0.245402,0.101234,0.030348,0.084843,0.02132,0.006214,0.584713,0.471932,0.450133,0.000528,0.000452,0.000338,0.000282,0.000325,0.000274,0.000263,0.000942,0.000794,0.000767,646.327689,542.613628,299.155695,107.669301,261.214738,77.886167,23.61528,620.88274,594.626057,587.042259,2434789.412,1905.116745,2139.572973,2066.1869,2140.072973,2030.3131,2.867845,-67.686836,831130.9861,855.196322,1109.364773,749.195401,7305.969238,971.85987,351.187825,2571,11.831756,12.043447,12.227244,11.85965,330.108932,0.996324,2273.015218,1860.377857,2273.515218,2236.122143,2.870442,-67.708884,597501.0613,996.978478,599.311895,5480.235352,698.671225,349.787574,11.563877,11.976373,12.210488,11.742259,333.183221,0.995656,2206.596556,2318.205986,2207.096556,1778.294014,2.869044,-67.659453,246482.5403,801.037127,307.704265,2377.999756,288.217493,348.456322,11.832866,12.029213,12.266981,11.791446,333.284415,0.995601,2195.82868,2199.477098,2196.32868,1897.022902,2.868875,-67.672319,73889.94903,683.827842,108.053438,993.452148,86.401154,350.339778,11.889575,12.092042,12.225501,11.958583,323.771097,0.994638,2038.919256,1789.301644,2039.419256,2307.198356,2.86601,-67.716962,206573.7219,774.125123,266.847976,2151.339355,241.551228,347.612797,11.685278,11.984537,12.118843,11.850231,326.155692,0.996515,1741.222074,2111.43682,1741.722074,1985.06318,2.860264,-67.682554,51908.66902,665.229619,78.031205,799.349976,60.697956,347.175312,11.82207,12.056645,12.608468,11.504822,357.683155,0.991601,2485.407273,2068.496138,2485.907273,2028.003862,2.874415,-67.685989,15128.65354,640.520478,23.619313,521.02002,17.69027,349.774828,11.156136,11.687668,12.236542,11.138793,335.763103,0.980017,2195.882311,2775.414422,2196.382311,1321.085578,2.868707,-67.609995,898366.4701,1138.275541,789.234625,7886.628906,1050.479811,352.330321,11.685796,12.109275,12.318025,11.900525,329.366604,0.994859,3057.09291,1842.28265,3057.59291,2254.21735,2.88536,-67.709349,780644.3282,1085.0829,719.432891,7047.421875,912.824703,349.884925,11.663346,11.944938,12.011803,11.878074,321.845609,0.997763,2389.575904,851.789357,2390.075904,3244.710643,2.872974,-67.817824,755778.6133,1075.357478,702.81616,6700.381836,883.748672,351.43751,11.791324,11.841809,11.991019,11.692598,330.939576,0.997724
3,coj1m011-fa12-20200604-0268-e91.fits,3,0,59005.31198,2459005.311981,2459005.313065,1.658944,44.979,13.215741,16.264857,1.35,18,28,42,0.342114,0.244063,0.101526,0.030406,0.083917,0.020677,0.005887,0.584454,0.471477,0.450793,0.000526,0.000448,0.000335,0.000278,0.00032,0.00027,0.000259,0.000936,0.000788,0.000763,650.818005,544.905725,303.356955,109.401853,262.101851,76.650516,22.731341,624.231466,598.022408,590.448245,2436040.177,1895.490947,2139.416418,2066.286294,2139.916418,2030.213706,2.867843,-67.686837,833402.5663,831.094448,1104.21063,754.749632,7527.209473,1002.777203,351.027235,2528,11.852438,12.079903,12.296253,11.863554,332.134768,0.995956,2272.835177,1860.53886,2273.335177,2235.96114,2.87044,-67.70888,594547.3917,988.172869,601.663343,5547.208984,715.378851,348.451529,11.981068,12.053587,12.264975,11.842198,335.563636,0.997158,2206.404383,2318.275659,2206.904383,1778.224341,2.869042,-67.659456,247321.2966,792.24371,312.178303,2487.602295,297.585066,348.222188,11.925043,12.320479,12.569509,12.071449,342.039487,0.99751,2195.682896,2199.449712,2196.182896,1897.050288,2.868874,-67.672333,74070.34015,674.590766,109.800406,1003.735474,89.123854,349.806211,11.976655,12.244966,12.388413,12.10152,321.983887,0.990581,2038.839871,1789.474482,2039.339871,2307.025518,2.866009,-67.716956,204424.0914,763.549322,267.728731,2225.235107,245.969747,348.860138,11.816193,11.897315,12.155368,11.639262,335.316137,0.995567,1741.076116,2111.526097,1741.576116,1984.973903,2.860262,-67.682553,50370.69997,655.977729,76.787211,790.892273,60.607672,347.199363,11.774809,12.004529,12.378614,11.630443,339.324761,0.993121,2485.406197,2068.529345,2485.906197,2027.970655,2.874417,-67.685999,14340.63698,630.776417,22.734897,516.517517,17.255123,349.062565,12.17248,10.064956,9.830075,10.299837,312.484644,0.717016,2195.712413,2775.417522,2196.212413,1321.082478,2.868707,-67.610003,898576.3569,1132.771692,793.254601,8112.204102,1081.196438,352.351473,12.039072,12.160211,12.419234,11.901187,335.973317,0.995942,3056.7905,1842.449079,3057.2905,2254.050921,2.885357,-67.70935,780532.965,1078.652187,723.618766,7380.337402,939.162771,349.316971,11.926589,11.958411,12.150496,11.766326,334.94814,0.997493,2389.474264,851.89532,2389.974264,3244.60468,2.872972,-67.817831,756930.8548,1070.618364,707.00343,7107.246094,910.763941,352.434135,11.80659,11.865564,12.027486,11.703643,336.929956,0.998449
4,coj1m011-fa12-20200604-0269-e91.fits,4,0,59005.31281,2459005.312813,2459005.313897,1.654623,45.032,13.177913,16.482042,1.35,18,28,42,0.34194,0.24269,0.100958,0.030406,0.084271,0.021102,0.006265,0.58362,0.473521,0.449509,0.000527,0.000449,0.000338,0.000281,0.000324,0.000273,0.000263,0.000939,0.000795,0.000765,648.411234,540.140858,299.03478,108.033296,259.872544,77.287389,23.790743,621.41844,595.970053,587.639497,2440151.26,1906.817457,2139.840858,2066.518169,2140.340858,2029.981831,2.867843,-67.686837,834386.4601,853.437884,1109.400695,752.105586,7832.526855,977.676848,352.254207,2566,11.98191,11.996867,12.119157,11.874577,326.923138,0.997458,2273.313756,1860.798159,2273.813756,2235.701841,2.870441,-67.708875,592200.3427,993.9316,595.815993,5587.626465,693.89976,350.527328,11.90302,12.007495,12.08474,11.93025,321.684493,0.996904,2206.871934,2318.51307,2207.371934,1777.98693,2.869043,-67.659456,246353.1538,801.019699,307.549432,2495.941895,288.659736,349.047354,11.959693,12.082457,12.206703,11.958211,328.668887,0.997995,2196.101914,2199.673386,2196.601914,1896.826614,2.868874,-67.672334,74194.31414,684.321011,108.420336,1016.798584,86.935811,349.367471,11.971952,11.988883,11.972642,12.005123,313.916369,0.994868,2039.20105,1789.700377,2039.70105,2306.799623,2.866009,-67.716955,205633.7182,774.799203,265.402594,2231.378662,240.947493,348.056302,11.856757,11.902062,11.942405,11.86172,317.783852,0.995118,1741.431194,2111.819758,1741.931194,1984.680242,2.860261,-67.682548,51491.38928,665.016573,77.428731,822.19397,60.33408,345.986976,12.023119,12.220374,12.314193,12.126554,33.551902,0.998443,2486.167755,2068.564748,2486.667755,2027.935252,2.874423,-67.686017,15286.55575,642.431126,23.794855,522.562927,17.911738,350.947925,11.670686,12.453173,13.495463,11.410884,340.406292,0.954004,2196.215683,2775.742507,2196.715683,1320.757493,2.868708,-67.609995,899281.9728,1139.225196,789.38034,8143.209473,1053.71696,352.924442,11.910071,11.99469,12.128852,11.860529,327.010729,0.996981,3057.248359,1842.750698,3057.748359,2253.749302,2.885357,-67.709336,784151.1618,1086.595037,721.659068,7399.443359,918.81457,348.823247,11.67611,11.991694,12.034047,11.949341,318.89795,0.997288,2389.846176,852.142901,2390.346176,3244.357099,2.872972,-67.817821,756718.1252,1075.839204,703.374745,7289.597656,886.670418,352.256699,11.61007,11.71286,11.790999,11.634722,325.925538,0.998715
5,coj1m011-fa12-20200604-0270-e91.fits,5,0,59005.31366,2459005.313662,2459005.314746,1.650259,44.976,13.520836,17.403553,1.35,18,28,42,0.343027,0.2443,0.101643,0.030385,0.084203,0.021064,0.0059,0.58487,0.474111,0.447894,0.00054,0.000462,0.000352,0.000298,0.000337,0.000289,0.000278,0.000961,0.000813,0.000781,634.683152,528.78731,288.482942,102.044297,249.667313,72.835474,21.238635,608.435554,583.054978,573.720893,2437610.599,1947.427025,2139.612747,2066.04267,2140.112747,2030.45733,2.867847,-67.686857,836167.0967,951.537036,1135.534455,736.364355,7452.916992,878.754126,347.156161,2560,12.244411,12.615078,12.943416,12.286739,334.514022,0.993176,2273.046653,1860.340874,2273.546653,2236.159126,2.870444,-67.708894,595507.9382,1020.749722,583.402498,5515.356445,625.837898,345.396886,12.184524,12.606264,12.918652,12.293875,332.702994,0.992691,2206.609564,2318.07503,2207.109564,1778.42497,2.869046,-67.659472,247766.4447,835.738669,296.464019,2426.328369,260.385498,343.400938,12.358906,12.736901,13.065069,12.408734,331.452924,0.991015,2195.956234,2199.30631,2196.456234,1897.19369,2.868878,-67.672343,74067.52184,723.420918,102.385098,955.221741,77.839873,345.31861,12.343229,12.84759,13.112551,12.582629,326.644009,0.989125,2039.021788,1789.306093,2039.521788,2307.193907,2.866012,-67.716966,205255.0954,805.594607,254.787077,2215.68457,215.708993,344.492227,12.246391,12.417477,12.725616,12.109339,333.758866,0.993367,1741.252005,2111.38019,1741.752005,1985.11981,2.860265,-67.682562,51344.77736,703.74744,72.959096,764.754883,53.959831,341.554278,12.259249,13.144274,13.514774,12.773773,327.76248,0.982911,2485.634892,2068.07694,2486.134892,2028.42306,2.874421,-67.686041,14382.98642,677.111113,21.241693,489.588593,15.11553,346.036087,11.764125,11.553985,11.916922,11.191049,325.121236,0.967095,2195.979641,2775.268641,2196.479641,1321.231359,2.868711,-67.610014,899559.5221,1162.155954,774.043724,8095.666504,945.375207,348.209728,12.301816,12.663368,13.137945,12.188792,338.64164,0.989622,3057.123991,1842.282759,3057.623991,2254.217241,2.885362,-67.70936,783996.7153,1110.245248,706.147328,7274.697266,823.926643,345.267094,12.133485,12.616821,12.881553,12.35209,330.115159,0.993059,2389.664004,851.804152,2390.164004,3244.695848,2.872975,-67.817831,754054.3616,1099.645873,685.724723,6757.71582,792.459288,348.645011,12.194313,12.348826,12.698708,11.998944,336.250414,0.992976
6,coj1m011-fa12-20200604-0271-e91.fits,6,0,59005.3145,2459005.314495,2459005.315579,1.645969,45.028,13.392988,16.538901,1.35,18,28,42,0.34201,0.244666,0.101504,0.030228,0.08356,0.020948,0.005961,0.582847,0.473998,0.449696,0.000525,0.000448,0.000334,0.000278,0.000321,0.000268,0.000259,0.000934,0.000792,0.000761,651.453464,545.612502,303.52803,108.763627,260.413828,78.031867,23.010672,623.873726,598.677451,590.589219,2441499.931,1899.489474,2140.096886,2066.056331,2140.596886,2030.443669,2.867845,-67.686857,835017.1337,859.336297,1104.948428,755.706884,8432.924805,971.700063,339.451733,2571,12.116479,11.993382,12.167034,11.81973,328.668437,0.996025,2273.529623,1860.288459,2274.029623,2236.211541,2.870442,-67.708901,597351.4357,991.293807,602.597768,6287.533203,695.131159,336.78755,12.184997,12.096414,12.239166,11.953662,327.46456,0.996865,2207.03722,2318.16421,2207.53722,1778.33579,2.869043,-67.659464,247822.4707,793.381443,312.362323,2649.059814,288.388227,335.455021,12.26326,12.086187,12.251205,11.921168,328.058244,0.996153,2196.300324,2199.345937,2196.800324,1897.154063,2.868874,-67.67234,73801.41451,676.115021,109.155117,1026.140625,85.881877,337.503859,11.988778,12.373953,12.382763,12.365143,315.536781,0.994224,2039.515934,1789.242551,2040.015934,2307.257449,2.866011,-67.716975,204011.6603,767.1662,265.928896,2266.766602,237.406078,336.041458,12.270888,11.604539,11.733078,11.476,327.023759,0.997045,1741.69492,2111.37934,1742.19492,1985.12066,2.860263,-67.682565,51143.903,654.214371,78.176062,894.844604,59.515586,333.6385,11.800676,12.355898,12.37829,12.333506,316.094033,0.990988,2485.881485,2068.030479,2486.381485,2028.469521,2.874415,-67.686047,14554.9008,632.426923,23.01436,506.252319,16.937375,338.713663,11.206915,12.479355,13.074155,11.884554,324.668747,0.917502,2196.439245,2775.36429,2196.939245,1321.13571,2.868709,-67.610006,899025.7184,1135.196144,791.956283,8896.831055,1046.186134,340.673274,12.110693,12.054923,12.269369,11.840477,330.370865,0.995159,3057.577418,1842.241626,3058.077418,2254.258374,2.88536,-67.709362,785120.0701,1082.895985,725.018913,7834.100586,913.63541,337.723307,12.096489,11.942775,12.033124,11.852426,322.483392,0.996568,2390.123647,851.760071,2390.623647,3244.739929,2.872974,-67.817835,757354.1429,1070.853053,707.243763,7366.650391,881.324512,339.516002,12.369864,11.849207,11.982193,11.716222,327.644287,0.99724
7,coj1m011-fa12-20200604-0272-e91.fits,7,0,59005.31533,2459005.315332,2459005.316416,1.64171,44.976,13.805953,16.976464,1.35,18,28,42,0.34153,0.243557,0.10127,0.030728,0.084231,0.021086,0.006453,0.583448,0.473931,0.449256,0.000528,0.00045,0.000338,0.000282,0.000324,0.000273,0.000264,0.000939,0.000796,0.000765,647.124398,541.048706,299.492654,108.869338,259.770997,77.214165,24.483295,621.377775,595.632404,587.244511,2445466.593,1911.706443,2140.146621,2065.664078,2140.646621,2030.835922,2.867847,-67.686858,835200.6972,905.408049,1113.306039,750.198659,8159.828125,922.457778,330.349812,2577,12.660474,12.360633,12.581032,12.140235,333.557489,0.99651,2273.5383,1859.939176,2274.0383,2236.560824,2.870443,-67.708898,595609.941,997.529241,597.085195,5838.279785,657.835924,328.308473,12.568029,12.326098,12.597425,12.054771,336.349552,0.99579,2207.130749,2317.69535,2207.630749,1778.80465,2.869045,-67.659473,247651.5448,803.921258,308.05448,2704.737061,273.524788,327.222249,12.673919,12.349969,12.493692,12.206247,324.912728,0.995292,2196.284989,2198.92888,2196.784989,1897.57112,2.868874,-67.672343,75144.04982,687.718094,109.265774,990.420959,82.994678,328.212766,12.539015,12.84797,13.169231,12.526708,331.54433,0.991619,2039.519335,1788.873401,2040.019335,2307.626599,2.866012,-67.716975,205984.6969,776.42524,265.298816,2174.195557,227.504822,327.234017,12.629119,12.253136,12.364967,12.141305,325.003975,0.997154,1741.533935,2111.007871,1742.033935,1985.492129,2.86026,-67.682566,51565.75055,666.609895,77.355213,837.46582,56.953051,324.445227,12.606001,12.356912,12.719403,11.99442,14.010879,0.99559,2485.847459,2067.798052,2486.347459,2028.701948,2.874415,-67.68603,15779.41363,644.379075,24.487781,498.887299,17.427958,328.554749,11.696728,12.648583,12.202532,13.094633,305.082522,0.956901,2196.371946,2774.897274,2196.871946,1321.602726,2.868708,-67.610013,901073.6132,1141.047681,789.689711,8614.555664,995.212727,330.177365,12.511828,12.431621,12.747286,12.115956,339.165248,0.995384,3057.382126,1841.8937,3057.882126,2254.6063,2.885358,-67.709357,786321.1354,1090.399249,721.131399,7510.344727,868.471554,329.306625,12.489441,12.276645,12.474272,12.079018,333.893692,0.997241,2390.129201,851.427652,2390.629201,3245.072348,2.872975,-67.817833,758071.8439,1078.731288,702.743911,7449.616699,837.270935,331.411453,12.291989,12.100605,12.401746,11.799464,342.895326,0.996382
8,coj1m011-fa12-20200604-0273-e91.fits,8,0,59005.31617,2459005.316166,2459005.317250,1.63752,44.98,13.866775,17.10247,1.35,18,28,42,0.342881,0.244325,0.101668,0.031032,0.083882,0.020955,0.006655,0.585211,0.472915,0.448765,0.000529,0.000452,0.00034,0.000284,0.000326,0.000274,0.000265,0.000944,0.000795,0.000766,647.719046,540.211993,299.362055,109.118569,257.236481,76.3489,25.096062,620.234456,594.564713,586.042835,2446880.29,1916.366958,2140.059753,2066.055654,2140.559753,2030.444346,2.867843,-67.686853,838989.4735,918.898554,1116.259628,751.607827,7956.412598,913.038191,328.191756,2614,12.595391,12.205398,12.464193,11.946604,331.599705,0.994007,2273.504622,1860.32452,2274.004622,2236.17548,2.870441,-67.708894,597834.2614,1002.737738,596.202017,5845.56543,650.598762,327.268923,12.407512,12.12365,12.450021,11.797278,337.622278,0.99426,2207.083132,2318.091043,2207.583132,1778.408957,2.869043,-67.659468,248769.4682,807.835871,307.945558,2537.408936,270.725715,325.88534,12.531477,12.291262,12.585036,11.997487,332.56677,0.993108,2196.265775,2199.270479,2196.765775,1897.229521,2.868873,-67.672344,75931.15456,693.313398,109.519237,1023.213257,82.632794,326.917414,12.601896,12.747821,13.148755,12.346888,332.836181,0.988388,2039.392877,1789.248196,2039.892877,2307.251804,2.866008,-67.716971,205249.2014,781.540526,262.621316,2272.897705,223.364375,326.21227,12.386836,11.953152,12.199303,11.707,332.700023,0.994949,1741.530447,2111.335273,1742.030447,1985.164727,2.860259,-67.682564,51273.43534,670.365769,76.48576,834.10144,55.798799,323.61447,12.308105,12.44139,12.77661,12.10617,332.035756,0.990761,2486.004229,2068.680156,2486.504229,2027.819844,2.874416,-67.685974,16284.29004,648.752949,25.100911,493.94574,17.721532,327.643383,12.734981,13.723699,13.788795,13.658604,25.010942,0.999782,2196.39838,2775.333859,2196.89838,1321.166141,2.868708,-67.610004,903312.5871,1145.906213,788.295392,8757.59668,983.038425,329.087132,12.508245,12.29347,12.623543,11.963397,337.103727,0.994077,3057.396732,1842.306879,3057.896732,2254.193121,2.885356,-67.709356,785630.0864,1091.329012,719.883809,7827.643555,854.969336,327.319912,12.324803,12.156306,12.385818,11.926794,333.69322,0.996135,2390.065405,851.749888,2390.565405,3244.750112,2.872971,-67.817836,757937.6161,1080.908071,701.204512,7424.005371,824.832745,330.392746,12.462547,11.997369,12.262892,11.731846,336.368761,0.99575
9,coj1m011-fa12-20200604-0274-e91.fits,9,0,59005.31701,2459005.317007,2459005.318091,1.633304,44.984,13.890627,17.48467,1.35,18,28,42,0.34303,0.243749,0.101293,0.03098,0.084544,0.020995,0.006432,0.584755,0.475766,0.446396,0.000536,0.000458,0.000347,0.000293,0.000334,0.000285,0.000275,0.000953,0.000808,0.000772,639.905826,531.904326,291.879881,105.575975,253.118157,73.785474,23.382942,613.417346,588.55599,578.112861,2446302.176,1938.048994,2139.70118,2066.298722,2140.20118,2030.201278,2.867845,-67.68685,839153.9351,960.427914,1130.364583,742.374582,7890.182617,873.729223,334.168406,2599,12.678583,12.546594,12.86855,12.224638,334.46795,0.99334,2273.147079,1860.532455,2273.647079,2235.967545,2.870442,-67.708896,596283.0207,1016.641102,586.522638,5546.882324,620.851406,332.600497,12.533832,12.493674,12.82298,12.164368,335.156218,0.99337,2206.702299,2318.328671,2207.202299,1778.171329,2.869044,-67.659465,247793.3082,825.947407,300.011001,2410.253418,258.003026,330.579659,12.72865,12.565813,12.86783,12.263796,330.731853,0.991528,2195.954078,2199.52521,2196.454078,1896.97479,2.868875,-67.67234,75786.86611,715.326615,105.94722,1032.073486,78.909479,332.001474,12.623925,12.916345,13.178073,12.654616,328.539509,0.992081,2039.096962,1789.494058,2039.596962,2307.005942,2.86601,-67.716968,206820.5191,800.493809,258.366169,2157.554443,215.342053,330.52697,12.536878,12.416597,12.58959,12.243604,327.090496,0.995374,1741.170179,2111.534127,1741.670179,1984.965873,2.86026,-67.682566,51360.97722,694.894913,73.911862,799.044373,53.477181,328.961436,12.480375,12.616466,12.782428,12.450504,322.344399,0.989239,2485.882946,2068.856029,2486.382946,2027.643971,2.874422,-67.685979,15735.34091,672.825547,23.386955,500.32077,16.383677,332.667547,12.000674,13.361492,14.190318,12.532666,348.670036,0.982064,2196.060712,2775.502463,2196.560712,1320.997537,2.868709,-67.610008,902655.6008,1157.080742,780.114618,8231.710938,939.84732,335.329167,12.574251,12.512983,12.916993,12.108972,337.117949,0.99145,3057.099897,1842.477443,3057.599897,2254.022557,2.885358,-67.709363,788652.5465,1105.416191,713.443998,7581.365234,821.147048,332.039259,12.387676,12.471341,12.697621,12.245061,329.883446,0.994661,2389.715616,852.03551,2390.215616,3244.46449,2.872972,-67.817831,754994.0289,1093.276317,690.579332,6786.08252,786.101714,334.627199,12.49465,12.306252,12.601694,12.010809,336.32708,0.994984
10,coj1m011-fa12-20200604-0275-e91.fits,10,0,59005.31784,2459005.317844,2459005.318928,1.629139,44.975,13.766455,16.873162,1.35,18,28,42,0.341986,0.243346,0.10134,0.031083,0.084215,0.020771,0.0062,0.585181,0.473185,0.448529,0.000529,0.000451,0.000339,0.000282,0.000325,0.000274,0.000264,0.000943,0.000795,0.000765,646.764595,539.625379,299.286655,110.136176,259.105183,75.855018,23.468569,620.456869,595.109669,586.335787,2441047.623,1910.720641,2139.65474,2066.407439,2140.15474,2030.092561,2.867842,-67.686852,834804.1249,894.422687,1113.114125,749.971729,7937.793457,933.344086,336.173803,2564,12.439248,12.44079,12.530578,12.351001,325.353835,0.998334,2273.12847,1860.646503,2273.62847,2235.853497,2.87044,-67.708896,594019.9614,997.78148,595.340737,5600.586914,664.137851,335.188028,12.388081,12.418098,12.525193,12.311003,329.553086,0.998743,2206.666723,2318.43739,2207.166723,1778.06261,2.869042,-67.659468,247375.2317,803.548816,307.853396,2585.155762,276.57531,332.361268,12.326684,12.458574,12.578895,12.338253,325.379636,0.997031,2195.854841,2199.598159,2196.354841,1896.901841,2.868871,-67.672346,75875.0375,686.355428,110.547734,1032.583252,84.831298,333.570959,12.281587,12.92953,13.194318,12.664743,336.414726,0.996373,2039.050168,1789.60459,2039.550168,2306.89541,2.866008,-67.716968,205572.6242,776.905663,264.604358,2228.030273,229.838338,333.182717,12.373234,12.24307,12.277266,12.208874,318.11273,0.997346,1741.25326,2111.547677,1741.75326,1984.952323,2.86026,-67.682578,50703.00358,667.240627,75.989083,815.192261,56.687967,330.744918,12.243217,12.482795,12.192662,12.772928,274.347696,0.997791,2486.308896,2068.511848,2486.808896,2027.988152,2.874429,-67.686029,15134.72614,644.784624,23.47253,496.089447,16.921223,334.950167,12.807782,12.409045,12.428506,12.389585,315.275923,0.893946,2196.053571,2775.633751,2196.553571,1320.866249,2.868708,-67.610011,901129.9383,1143.070743,788.341355,8288.616211,1007.498973,338.43926,12.487872,12.463652,12.628511,12.298793,330.149876,0.997252,3057.187419,1842.612151,3057.687419,2253.887849,2.885358,-67.709361,784061.1469,1087.813396,720.768056,7590.056641,876.611426,335.05574,12.207057,12.323619,12.361674,12.285563,319.301121,0.998295,2389.730417,852.145285,2390.230417,3244.354715,2.872971,-67.817827,755856.5377,1077.452857,701.521679,7311.458008,845.077555,335.657005,12.219161,12.169997,12.268779,12.071214,327.960695,0.998621
11,coj1m011-fa12-20200604-0276-e91.fits,11,0,59005.31868,2459005.318683,2459005.319767,1.625003,45.084,14.009501,17.6519,1.35,18,28,42,0.341757,0.244586,0.101019,0.030693,0.084245,0.020368,0.006352,0.584156,0.473325,0.44925,0.000538,0.000461,0.000349,0.000296,0.000337,0.000287,0.000278,0.000957,0.000809,0.00078,635.780946,531.026726,289.319188,103.771642,250.223205,71.066231,22.822662,610.467621,585.024257,576.3249,2454134.314,1953.470177,2140.391616,2066.217679,2140.891616,2030.282321,2.867846,-67.686852,838718.5898,978.887513,1137.79021,737.146956,7231.813965,856.807936,337.831997,2563,12.555013,12.653683,12.891432,12.415934,333.518865,0.996111,2273.866028,1860.508021,2274.366028,2235.991979,2.870444,-67.708889,600246.2782,1024.406095,585.945633,5122.32959,613.192292,335.059768,12.729007,12.664757,12.859321,12.470193,329.161559,0.995808,2207.362752,2318.216258,2207.862752,1778.283742,2.869045,-67.659471,247913.224,833.852379,297.310687,2373.18042,253.260176,334.719166,12.503836,12.662959,12.852484,12.473433,329.757051,0.99631,2196.690223,2199.436844,2197.190223,1897.063156,2.868877,-67.672343,75324.76757,723.3899,104.12748,972.476685,76.94936,335.113472,12.731245,12.906574,13.230719,12.582429,340.338674,0.995789,2039.759884,1789.469452,2040.259884,2307.030548,2.866011,-67.716962,206748.6401,809.701834,255.339227,2006.237427,211.207761,333.707139,12.713845,12.537401,12.681306,12.393497,326.888957,0.996759,1741.942212,2111.492599,1742.442212,1985.007401,2.860263,-67.682564,49986.26043,702.249425,71.180208,776.822632,51.064356,332.2783,12.714456,12.604482,12.996874,12.212089,346.705497,0.995162,2486.484725,2068.584003,2486.984725,2027.915997,2.874421,-67.686,15589.81412,682.97209,22.826429,507.977844,15.926053,336.600842,12.808142,13.823904,14.996184,12.651625,334.961596,0.931152,2196.706685,2775.462991,2197.206685,1321.037009,2.86871,-67.610009,904960.0886,1165.816633,776.245649,7645.338867,924.478121,340.192265,12.599352,12.62248,12.942727,12.302233,333.86901,0.993136,3057.812109,1842.441964,3058.312109,2254.058036,2.885359,-67.709357,788422.4321,1113.031859,708.355674,7102.146484,805.426999,335.482263,12.514426,12.529031,12.677548,12.380515,326.25333,0.996165,2390.416447,851.916045,2390.916447,3244.583955,2.872974,-67.817829,760751.793,1103.665436,689.295658,6537.438965,777.159564,337.986427,12.459232,12.374261,12.62622,12.122301,337.089604,0.996588
12,coj1m011-fa12-20200604-0277-e91.fits,12,0,59005.31953,2459005.319532,2459005.320616,1.62084,45.028,13.998511,16.989866,1.35,18,28,42,0.342442,0.244928,0.101429,0.030025,0.084285,0.020662,0.005981,0.583193,0.47301,0.450362,0.000532,0.000455,0.000343,0.000288,0.00033,0.000279,0.00027,0.000947,0.0008,0.000773,643.909581,538.622885,295.286032,104.231832,255.229704,73.984784,22.12873,616.153655,591.164553,582.316338,2444046.111,1926.281624,2139.952297,2066.505114,2140.452297,2029.994886,2.867843,-67.686851,836945.1531,906.838184,1119.964244,747.296316,7816.695801,922.926678,344.930837,2480,12.538445,12.550966,12.725611,12.376321,326.14949,0.994623,2273.456032,1860.722251,2273.956032,2235.777749,2.870441,-67.708898,598616.146,1006.268018,594.887381,5645.394531,660.11352,342.484856,12.417362,12.548254,12.621112,12.475397,320.365365,0.996111,2206.965606,2318.499479,2207.465606,1778.000521,2.869043,-67.65947,247896.9336,816.462589,303.623138,2515.310547,273.364022,342.890353,12.717439,12.615833,12.780457,12.451208,325.100022,0.994289,2196.174468,2199.632677,2196.674468,1896.867323,2.868873,-67.672352,73383.30936,701.659625,104.585338,1009.604004,80.922165,342.365739,12.761053,12.526267,12.587087,12.465448,326.366925,0.999369,2039.348261,1789.700889,2039.848261,2306.799111,2.866008,-67.716968,205997.5586,790.607974,260.555883,2128.564209,227.160217,341.743498,12.780969,12.482642,12.747718,12.217566,330.120874,0.992895,1741.429342,2111.781712,1741.929342,1984.718288,2.860259,-67.682562,50499.69057,681.407175,74.110888,811.795105,55.687653,339.638849,12.632674,12.254888,12.404066,12.10571,324.487662,0.994396,2486.136779,2068.828799,2486.636779,2027.671201,2.87442,-67.686004,14617.90009,660.48422,22.132096,498.072754,16.119635,344.486563,12.534911,11.87479,12.02676,11.722819,33.771651,0.995512,2196.291101,2775.682064,2196.791101,1320.817936,2.868707,-67.610013,900301.5917,1150.188612,782.742571,8143.103027,992.791886,347.211146,12.701496,12.598572,12.821989,12.375156,331.824183,0.995905,3057.392492,1842.759431,3057.892492,2253.740569,2.885357,-67.709355,784826.92,1095.914892,716.138567,7296.756836,865.454205,342.451007,12.544494,12.55158,12.673701,12.429459,323.818455,0.995876,2389.970896,852.221325,2390.470896,3244.278675,2.872971,-67.817831,758917.599,1089.310608,696.695317,7055.457031,836.883153,345.256076,12.346765,12.27167,12.462363,12.080976,329.758347,0.996023
13,coj1m011-fa12-20200604-0278-e91.fits,13,0,59005.32036,2459005.320363,2459005.321447,1.6168,45.032,13.831665,17.026108,1.35,18,28,42,0.342785,0.24369,0.102178,0.030315,0.084266,0.021086,0.00648,0.584199,0.473615,0.448933,0.000533,0.000454,0.000343,0.000289,0.000329,0.000279,0.00027,0.000947,0.000801,0.000771,643.577491,536.61891,298.317482,105.010769,256.01201,75.661481,24.021808,616.621849,591.095687,582.445582,2443890.264,1925.442305,2139.947644,2066.347997,2140.447644,2030.152003,2.867845,-67.686848,837729.0956,910.711072,1121.936846,746.681151,7695.34668,919.862645,341.632067,2561,12.460969,12.483554,12.646249,12.320858,328.762387,0.99682,2273.400847,1860.647997,2273.900847,2235.852003,2.870442,-67.708886,595550.9336,1005.755515,592.142846,5418.875488,653.940588,341.388273,12.554636,12.398202,12.548683,12.24772,326.610309,0.99621,2206.935359,2318.36248,2207.435359,1778.13752,2.869044,-67.659466,249712.5635,813.621466,306.914916,2505.637939,274.195155,338.897155,12.424015,12.532829,12.750197,12.315462,332.581319,0.996374,2196.241842,2199.424523,2196.741842,1897.075477,2.868876,-67.672355,74086.22658,703.092041,105.372017,977.592651,81.349869,340.910905,11.924412,12.518061,12.81046,12.225661,338.386263,0.995894,2039.391496,1789.58139,2039.891496,2306.91861,2.866011,-67.716961,205936.9883,787.870745,261.38423,2244.965332,226.127687,338.301991,12.468351,12.380416,12.467893,12.292939,322.285003,0.996845,1741.501318,2111.684175,1742.001318,1984.815825,2.860262,-67.682552,51531.9942,679.875077,75.796269,783.879028,56.58435,336.439038,12.403998,12.760092,12.970177,12.550006,355.311729,0.998887,2486.175871,2068.582729,2486.675871,2027.917271,2.874423,-67.686012,15837.56347,659.181316,24.026111,505.265961,17.390327,340.592728,12.713401,13.127409,12.401354,13.853464,288.188303,0.981239,2196.339977,2775.593189,2196.839977,1320.906811,2.868711,-67.610004,901224.4187,1149.812936,783.800904,8162.237793,989.583246,344.491601,12.571299,12.45288,12.687851,12.217908,331.29482,0.995095,3057.289298,1842.621097,3057.789298,2253.878903,2.885357,-67.709352,785458.7912,1097.405996,715.741297,6964.410156,862.467598,341.194105,12.47693,12.360218,12.517549,12.202886,326.696916,0.99589,2390.008638,852.077675,2390.508638,3244.422325,2.872973,-67.817826,757207.0536,1086.719081,696.782699,6921.374023,831.445973,343.155329,12.320125,12.143919,12.318901,11.968937,331.486716,0.997197
14,coj1m011-fa12-20200604-0279-e91.fits,14,0,59005.3212,2459005.321203,2459005.322287,1.612754,45.032,14.585121,17.743252,1.35,18,28,42,0.341676,0.243734,0.101179,0.030865,0.083609,0.021066,0.00614,0.584781,0.472301,0.449718,0.00054,0.000462,0.000352,0.000299,0.000339,0.00029,0.000282,0.000964,0.000812,0.000784,633.25167,527.519427,287.631554,103.236335,246.563478,72.604939,21.792732,606.925485,581.93031,573.944248,2449214.868,1959.704741,2140.322597,2066.284866,2140.822597,2030.215134,2.867846,-67.686859,836838.37,989.045622,1139.299547,734.520058,6697.072754,846.106945,338.444349,2608,13.259637,12.96017,13.151193,12.769147,329.272814,0.996196,2273.818136,1860.620015,2274.318136,2235.879985,2.870444,-67.708893,596957.8272,1025.886834,581.894423,4818.469238,603.569556,336.473321,13.461992,12.987135,13.158563,12.815707,327.437405,0.996062,2207.368108,2318.269622,2207.868108,1778.230378,2.869046,-67.659479,247810.0423,838.426631,295.565567,2215.334473,250.554713,335.648589,13.160435,13.057672,13.217785,12.897559,327.380717,0.996573,2196.680507,2199.494258,2197.180507,1897.005742,2.868878,-67.67235,75594.03998,729.740153,103.590353,898.889343,76.431297,335.75237,12.889708,13.2115,13.224002,13.198997,315.5794,0.991241,2039.72831,1789.577644,2040.22831,2306.922356,2.866011,-67.716965,204775.9077,814.197257,251.506506,1929.801025,207.043945,336.294917,13.345419,12.851027,12.934361,12.767692,322.324102,0.99737,1741.893364,2111.502515,1742.393364,1984.997485,2.860263,-67.682576,51595.98398,709.439955,72.727767,764.501404,52.167446,332.055077,13.383138,13.305162,13.633187,12.977138,333.62828,0.993374,2486.252032,2068.744558,2486.752032,2027.755442,2.874418,-67.685998,15037.29002,689.909099,21.796045,486.644043,15.203839,337.744377,12.331266,12.177549,12.772581,11.582517,32.173636,0.949284,2196.692795,2775.517128,2197.192795,1320.982872,2.868711,-67.610015,903755.2318,1172.104071,771.053744,7031.917969,913.764958,340.196574,13.393927,13.042274,13.266476,12.818071,331.01494,0.9958,3057.780154,1842.596865,3058.280154,2253.903135,2.88536,-67.709357,785686.7351,1115.168606,704.545242,6254.88916,794.38877,337.034279,13.499843,12.989417,13.144038,12.834796,327.150753,0.996654,2390.34268,852.098277,2390.84268,3244.401723,2.872973,-67.817828,759772.9012,1105.899497,687.018036,5910.445801,768.187922,339.504308,13.294178,12.754303,12.929311,12.579295,331.233008,0.997387
15,coj1m011-fa12-20200604-0280-e91.fits,15,0,59005.32204,2459005.322041,2459005.323125,1.608742,44.98,14.038436,17.219154,1.35,18,28,42,0.342062,0.243757,0.10189,0.030376,0.08395,0.021341,0.005933,0.58435,0.472117,0.450258,0.000535,0.000459,0.000347,0.000293,0.000333,0.000284,0.000274,0.000954,0.000804,0.000777,639.185046,531.490548,293.301335,103.550278,251.889687,75.030863,21.673837,612.372821,587.142444,579.480763,2443878.62,1937.709586,2140.164038,2066.526944,2140.664038,2029.973056,2.867843,-67.686846,835958.1606,931.479891,1127.450807,741.458656,6932.161133,897.451645,346.481543,2633,12.636325,12.614377,12.715423,12.513331,326.55008,0.998333,2273.606076,1860.830709,2274.106076,2235.669291,2.87044,-67.708883,595713.6162,1016.452707,586.071159,5003.497559,639.534596,346.207737,12.736255,12.582564,12.7003,12.464827,328.053531,0.998192,2207.186967,2318.509538,2207.686967,1777.990462,2.869043,-67.659467,249007.4331,825.705549,301.569286,2266.850098,267.32454,344.632822,12.575152,12.683039,12.796675,12.569402,326.755518,0.997983,2196.34721,2199.656538,2196.84721,1896.843462,2.868872,-67.672347,74235.15506,714.479244,103.901066,997.68512,79.695929,345.762405,12.393813,12.780791,13.01137,12.550213,7.069018,0.998616,2039.55573,1789.747809,2040.05573,2306.752191,2.866008,-67.716961,205162.4128,798.083679,257.068799,1998.483032,220.254259,343.697963,12.623304,12.317494,12.458412,12.176575,328.116069,0.997321,1741.799075,2111.85799,1742.299075,1984.64201,2.860261,-67.682553,52153.78165,693.866598,75.163989,799.119019,55.990239,340.692282,12.715365,13.014953,12.877194,13.152712,301.528746,0.997818,2486.072452,2069.178671,2486.572452,2027.321329,2.874415,-67.685964,14498.66636,668.849045,21.677038,470.408539,15.565195,346.236555,12.62082,13.811178,13.218357,14.403999,87.397245,0.992597,2196.506731,2775.744621,2197.006731,1320.755379,2.868707,-67.610005,901367.1193,1158.909052,777.772093,7370.313477,967.672118,349.844857,12.70835,12.637555,12.774339,12.500772,327.356584,0.99732,3057.644351,1842.798951,3058.144351,2253.701049,2.885358,-67.709346,783766.7424,1102.751919,710.737137,6648.084473,841.421001,345.687173,12.414199,12.503888,12.519276,12.488499,316.513346,0.997827,2390.201914,852.242708,2390.701914,3244.257292,2.872971,-67.817825,758744.7587,1093.42876,693.913299,6393.13916,814.558388,346.33834,12.375659,12.346075,12.477942,12.214209,331.228018,0.998416
16,coj1m011-fa12-20200604-0281-e91.fits,16,0,59005.32288,2459005.322875,2459005.323959,1.604761,44.98,14.402828,17.492541,1.35,18,28,42,0.341035,0.243438,0.10118,0.030269,0.083873,0.02024,0.006187,0.583831,0.472719,0.450109,0.000541,0.000465,0.000355,0.000301,0.000341,0.000293,0.000285,0.000964,0.000815,0.000786,630.309145,523.80306,285.097183,100.603549,245.720406,69.000435,21.71595,605.336586,579.952777,572.436331,2448920.606,1965.104448,2140.229077,2066.344705,2140.729077,2030.155295,2.867844,-67.686852,835167.4026,961.292817,1143.035855,730.657222,7167.862793,868.79605,360.453862,2644,13.003141,12.811054,13.027159,12.59495,341.664255,0.998232,2273.6869,1860.645696,2274.1869,2235.854304,2.870441,-67.708889,596160.5577,1032.720272,577.272059,5159.04248,620.165413,357.650277,13.115903,12.806536,12.952171,12.660901,331.752568,0.998303,2207.184528,2318.310966,2207.684528,1778.189034,2.869043,-67.659475,247782.2572,846.066056,292.863962,2343.294434,257.759397,357.381315,13.116823,12.977078,13.175208,12.778947,347.077023,0.998849,2196.477968,2199.481444,2196.977968,1897.018556,2.868874,-67.672352,74126.64597,734.414538,100.932977,1016.0495,77.111411,358.327304,12.83313,12.868961,12.870145,12.867777,315.071025,0.994492,2039.61135,1789.612763,2040.11135,2306.887237,2.866009,-67.71696,205397.4217,819.488787,250.640918,2071.061035,213.667904,356.087099,13.045014,12.670728,12.902563,12.438893,334.874014,0.996727,1741.804468,2111.565728,1742.304468,1984.934272,2.860262,-67.682569,49565.8606,717.239337,69.106445,779.65564,51.561667,355.095334,13.199741,12.619541,13.308931,11.930151,348.778055,0.986109,2486.100854,2068.607572,2486.600854,2027.892428,2.874415,-67.686013,15151.65446,697.614145,21.719248,505.339111,15.761747,358.313307,12.925993,13.115625,12.517548,13.713702,73.947498,0.988456,2196.524448,2775.480621,2197.024448,1321.019379,2.868708,-67.610021,902719.5096,1173.439668,769.2935,7832.868164,939.068194,361.713045,12.90865,12.856849,13.138102,12.575596,345.537408,0.997504,3057.692543,1842.546958,3058.192543,2253.953042,2.885358,-67.709362,786064.1875,1120.039957,701.817986,7040.89502,817.715657,357.778755,13.040563,12.802624,12.934456,12.670792,336.783377,0.999107,2390.213762,851.965302,2390.713762,3244.534698,2.872971,-67.817839,760136.9087,1109.137201,685.340739,6550.006348,790.744396,358.514434,12.800888,12.601204,12.748099,12.454308,343.018441,0.99921
17,coj1m011-fa12-20200604-0282-e91.fits,17,0,59005.32371,2459005.323711,2459005.324795,1.60081,45.031,13.90309,17.572882,1.35,18,28,42,0.341616,0.243838,0.100951,0.030989,0.084234,0.021082,0.006415,0.583413,0.472515,0.450658,0.000547,0.00047,0.00036,0.000311,0.000347,0.0003,0.000293,0.000974,0.000824,0.000797,624.493687,518.776205,280.160546,99.637833,242.501973,70.276662,21.919109,598.8139,573.635853,565.615798,2448435.778,1986.84247,2140.151289,2065.601282,2140.651289,2030.898718,2.867845,-67.686849,836424.5801,970.143237,1154.648426,724.397627,6650.871094,862.166068,374.954196,2555,12.538375,12.753201,12.878868,12.627533,325.017707,0.996692,2273.64001,1859.890234,2274.14001,2236.609766,2.870443,-67.708889,597020.9727,1043.882813,571.923366,4832.335938,615.394665,372.219239,12.660236,12.789175,12.938049,12.6403,324.899058,0.995277,2207.111258,2317.61312,2207.611258,1778.88688,2.869043,-67.659466,247171.9291,859.149046,287.693888,2218.289551,254.778799,371.37503,12.577924,12.810482,12.923811,12.697152,325.998652,0.997769,2196.421144,2198.876895,2196.921144,1897.623105,2.868875,-67.672334,75873.80077,759.002751,99.96512,980.080261,78.208864,373.220325,12.323299,13.292479,13.448935,13.136023,326.159382,0.996159,2039.539752,1788.843614,2040.039752,2307.656386,2.86601,-67.716962,206242.6576,833.848733,247.338215,1946.865845,212.589904,371.496964,12.587755,12.553922,12.653568,12.454276,322.465093,0.996204,1741.659482,2110.945502,1742.159482,1985.554498,2.860261,-67.682553,51618.87611,733.314158,70.391217,783.98407,53.207479,368.984371,12.241832,12.562273,12.451011,12.673536,299.788868,0.998776,2486.3714,2068.363932,2486.8714,2028.136068,2.874423,-67.685955,15705.75412,716.419158,21.922577,551.694214,16.189108,373.959597,11.990696,11.90522,14.384317,9.426123,344.198872,0.780355,2196.517364,2774.831415,2197.017364,1321.668585,2.868709,-67.610004,902132.8114,1184.83756,761.397884,7125.620605,929.896511,376.456696,12.739388,12.830834,12.998029,12.663639,326.303919,0.995406,3057.695089,1841.886366,3058.195089,2254.613634,2.885361,-67.709349,785677.9285,1131.567849,694.32684,6398.700684,809.857657,373.164791,12.571496,12.716609,12.768018,12.665201,319.726996,0.997577,2390.232023,851.350161,2390.732023,3245.149839,2.872974,-67.817828,760625.0384,1123.947134,676.744497,6030.962891,784.033748,375.432539,12.397071,12.580065,12.724891,12.43524,328.965382,0.997584
18,coj1m011-fa12-20200604-0283-e91.fits,18,0,59005.32455,2459005.324549,2459005.325633,1.596884,44.976,14.452826,17.727704,1.35,18,28,42,0.342626,0.245044,0.104242,0.030618,0.084401,0.021517,0.006167,0.585524,0.474014,0.447442,0.000556,0.000479,0.000372,0.00032,0.000358,0.000311,0.000303,0.00099,0.000837,0.000804,615.964961,511.809131,280.327469,95.716979,235.549286,69.078265,20.35446,591.328156,565.988335,556.503356,2442469.343,2009.528922,2139.724768,2066.359322,2140.224768,2030.140678,2.867845,-67.686856,836853.8151,987.313027,1171.219445,714.51496,7070.415527,847.607387,391.408993,2579,13.209806,13.045651,13.249242,12.84206,337.821038,0.998095,2273.181592,1860.667212,2273.681592,2235.832788,2.870442,-67.708893,598513.0042,1060.674817,564.275681,4971.745117,606.203897,389.786196,13.312399,13.015046,13.229312,12.80078,335.606768,0.997504,2207.046559,2318.383649,2207.546559,1778.116351,2.869051,-67.659472,254608.7899,883.767989,288.094605,5100.507324,257.880513,388.106783,13.29155,13.439238,13.443123,13.435352,315.17621,0.991162,2196.013014,2199.436496,2196.513014,1897.063504,2.868876,-67.672363,74782.51342,778.861448,96.015169,1006.704285,75.743469,389.963864,13.088252,13.042619,13.046395,13.038843,315.33478,0.997545,2039.125337,1789.640333,2039.625337,2306.859667,2.86601,-67.716964,206146.7664,858.582802,240.101206,1913.849976,208.795752,388.608568,13.186835,12.898458,13.132657,12.664258,338.191893,0.997486,1741.24646,2111.732746,1741.74646,1984.767254,2.860262,-67.682557,52554.84989,759.571815,69.1901,774.149597,53.23018,384.66511,12.965766,13.357436,13.7649,12.949973,348.893058,0.995665,2486.453474,2069.131213,2486.953474,2027.368787,2.874432,-67.685961,15063.40194,739.950356,20.357314,535.115173,15.256967,390.418921,12.23412,12.964699,11.94053,13.988867,281.34855,0.971034,2196.137857,2775.663916,2196.637857,1320.836084,2.868711,-67.610005,901988.2874,1197.434992,753.267019,7149.054199,913.578837,394.176175,13.089158,13.039779,13.336931,12.742628,339.48141,0.996353,3057.19857,1842.656394,3057.69857,2253.843606,2.88536,-67.709356,785450.4585,1146.157917,685.289912,6372.967773,795.543497,390.973566,13.134696,12.964558,13.148836,12.78028,333.861206,0.997842,2389.76559,852.145744,2390.26559,3244.354256,2.872973,-67.817828,755030.597,1136.080085,664.592758,6037.644043,764.732741,392.250515,13.11259,12.763791,13.024402,12.50318,348.070166,0.998008
19,coj1m011-fa12-20200604-0284-e91.fits,19,0,59005.32539,2459005.325388,2459005.326472,1.592987,44.98,14.129974,17.699208,1.35,18,28,42,0.341565,0.24338,0.101273,0.03062,0.083497,0.020736,0.006471,0.584269,0.473002,0.449468,0.000559,0.000482,0.000375,0.000324,0.000364,0.000316,0.000309,0.000996,0.000843,0.000812,610.774802,504.48683,269.782521,94.461382,229.544265,65.647714,20.965163,586.449591,560.994899,553.696273,2450519.677,2031.522184,2139.771564,2066.006941,2140.271564,2030.493059,2.867843,-67.686853,837012.6632,984.14144,1181.750011,708.28234,6600.470703,850.500374,413.338442,2677,12.911197,12.877031,12.882743,12.871318,315.687791,0.998634,2273.218997,1860.236734,2273.718997,2236.263266,2.87044,-67.708899,596408.3974,1073.84928,555.393022,4730.212402,606.018986,412.137945,12.734751,12.895308,12.912771,12.877844,317.463705,0.999006,2206.801561,2318.051772,2207.301561,1778.448228,2.869043,-67.659468,248170.7615,896.589719,276.794119,2206.70874,252.169811,410.517328,12.943772,12.984943,12.986865,12.98302,315.24247,0.998776,2195.961167,2199.223626,2196.461167,1897.276374,2.868872,-67.672345,75036.07157,791.917693,94.752362,1010.101746,76.245211,411.093402,12.743917,13.20126,13.028368,13.374152,80.617963,0.999235,2039.111654,1789.188159,2039.611654,2307.311841,2.866007,-67.716971,204610.626,875.089275,233.816859,1926.705078,207.907743,411.119335,12.889322,12.743012,12.756213,12.72981,316.212883,0.997604,1741.292775,2111.320524,1741.792775,1985.179476,2.86026,-67.682559,50812.98482,772.878068,65.74515,821.505371,51.631791,406.379525,12.849665,12.675873,12.718711,12.633034,351.983786,0.999951,2486.062802,2068.490323,2486.562802,2028.009677,2.874422,-67.685991,15857.47317,756.258271,20.96833,563.023193,16.113002,411.553748,11.773466,14.697888,15.266972,14.128804,329.169042,0.973465,2196.076528,2775.18484,2196.576528,1321.31516,2.868707,-67.610017,903737.1378,1211.012303,746.26586,7155.307617,918.300054,413.845036,12.722151,12.947117,13.06908,12.825155,328.873677,0.998363,3057.188249,1842.236985,3057.688249,2254.263015,2.885356,-67.709364,786896.8461,1159.783639,678.4859,6356.904785,799.576985,411.630951,12.475621,12.780653,12.711633,12.849672,305.938911,0.998794,2389.799046,851.784674,2390.299046,3244.715326,2.87297,-67.817826,759885.693,1146.923492,662.542618,6130.660645,772.130572,412.674745,12.80305,12.658792,12.771885,12.545699,330.381926,0.99878
20,coj1m011-fa12-20200604-0285-e91.fits,20,0,59005.32623,2459005.326227,2459005.327311,1.589122,45.032,14.160163,17.831828,1.35,18,28,42,0.343265,0.243774,0.101501,0.030862,0.084077,0.020381,0.007183,0.5837,0.47423,0.448757,0.00057,0.000491,0.000386,0.000337,0.000374,0.000328,0.000323,0.001011,0.000858,0.000827,602.630518,496.450226,262.867729,91.609027,225.074688,62.131983,22.2608,577.104929,552.847416,542.917215,2454592.325,2069.043418,2139.88446,2066.024499,2140.38446,2030.475501,2.867844,-67.686846,842576.6289,998.945103,1204.340486,699.616627,6421.078125,843.466399,440.776124,2511,12.76518,12.883676,13.056687,12.710666,334.180555,0.998128,2273.306778,1860.264542,2273.806778,2236.235458,2.870441,-67.70889,598366.0004,1094.679517,546.61295,4568.375977,598.997881,438.266574,12.606304,12.909699,13.07581,12.743588,331.384092,0.99774,2206.885119,2318.045473,2207.385119,1778.454527,2.869044,-67.659462,249143.5244,924.230801,269.568515,2262.249023,249.406623,437.16562,12.923803,12.950082,13.131638,12.768527,334.805299,0.998067,2196.10853,2199.197801,2196.60853,1897.302199,2.868874,-67.672342,75753.5498,824.453218,91.883382,962.958557,75.833546,438.230145,12.819726,13.103574,13.644858,12.562289,345.931676,0.991252,2039.271583,1789.155244,2039.771583,2307.344756,2.86601,-67.716971,206375.5321,900.26704,229.238129,1884.41333,206.593467,437.453877,12.816189,12.876779,13.071798,12.68176,331.585558,0.996937,1741.427944,2111.341012,1741.927944,1985.158988,2.860261,-67.682554,50026.27431,804.056394,62.21737,814.803894,50.079103,435.332746,12.595707,12.254856,12.115601,12.39411,300.751393,0.997732,2485.692017,2068.42045,2486.192017,2028.07955,2.874415,-67.685991,17631.16585,791.888058,22.26472,586.980103,17.649785,438.576799,12.972826,14.386964,14.79675,13.977178,348.968037,0.996228,2196.199741,2775.232303,2196.699741,1321.267697,2.868708,-67.610005,904682.005,1230.894216,734.979491,6883.069824,905.637359,441.745427,12.903414,13.034319,13.313627,12.755011,341.421633,0.997111,3057.247189,1842.246343,3057.747189,2254.253657,2.885357,-67.70935,789593.1945,1178.809707,669.82244,5960.833008,790.427013,438.209377,12.551984,12.906876,13.01019,12.803563,327.203627,0.998499,2389.876023,851.71946,2390.376023,3244.78054,2.872972,-67.817828,760317.1255,1173.13587,648.106622,5851.205566,761.120029,441.015991,12.516518,12.631369,12.870658,12.392081,342.868723,0.9979
21,coj1m011-fa12-20200604-0286-e91.fits,21,0,59005.32707,2459005.327067,2459005.328151,1.585283,44.98,13.997572,17.66009,1.35,18,28,42,0.341818,0.245448,0.100833,0.030718,0.084126,0.020643,0.006846,0.584223,0.472267,0.450218,0.000575,0.000501,0.000393,0.000346,0.000382,0.000338,0.000332,0.001025,0.000867,0.000839,594.757839,490.044634,256.42346,88.855379,220.167027,61.033993,20.651599,569.712054,544.971214,536.932395,2448717.28,2090.733406,2139.504567,2066.303957,2140.004567,2030.196043,2.867843,-67.686855,837015.1322,979.796101,1212.364487,690.39892,6660.821777,854.274814,476.295572,2636,12.773428,12.814457,12.898559,12.730356,322.634305,0.997516,2272.937809,1860.596187,2273.437809,2235.903813,2.87044,-67.708893,601033.1151,1113.969959,539.541583,4913.131348,613.426727,473.09945,12.579227,12.840333,12.921419,12.759246,321.998931,0.997274,2206.48888,2318.329442,2206.98888,1778.170558,2.869042,-67.659472,246912.6153,939.548616,262.79919,2297.522461,252.00408,472.675351,12.86247,12.710833,12.646906,12.774761,307.528567,0.998478,2195.837768,2199.471777,2196.337768,1897.028223,2.868875,-67.672352,75218.58786,844.088602,89.112195,1055.363281,76.769634,473.834903,12.661455,13.05484,12.853843,13.255836,303.498744,0.993794,2038.902393,1789.493923,2039.402393,2307.006077,2.866008,-67.716971,206001.3024,918.97901,224.163229,1988.604614,210.249155,472.786651,12.738178,12.567987,12.617812,12.518162,320.617602,0.998344,1741.006849,2111.686742,1741.506849,1984.813258,2.860259,-67.682554,50549.48162,827.093173,61.117034,884.322144,51.591838,471.349582,12.636565,13.125895,13.778233,12.473556,350.290999,0.988947,2485.753431,2068.392474,2486.253431,2028.107526,2.874421,-67.686034,16764.45832,811.649096,20.654811,626.253784,17.11015,474.764011,11.681802,14.182809,14.851847,13.513771,29.981087,0.964635,2195.862541,2775.632096,2196.362541,1320.867904,2.868708,-67.610004,903027.4934,1244.686909,725.505737,7049.178711,921.648384,477.77441,12.767092,12.760361,12.907816,12.612905,325.891561,0.996122,3056.982219,1842.607388,3057.482219,2253.892612,2.885357,-67.709354,785488.6318,1191.228297,659.393866,6380.47168,801.685811,474.116172,12.558196,12.699004,12.725328,12.67268,317.32494,0.997385,2389.500439,852.075102,2390.000439,3244.424898,2.872969,-67.817825,760201.1545,1184.439031,641.823796,6284.878906,775.876893,478.117458,12.557149,12.568937,12.613718,12.524157,319.668459,0.998071
22,coj1m011-fa12-20200604-0287-e91.fits,22,0,59005.3279,2459005.327899,2459005.328983,1.581502,44.98,14.381135,17.448529,1.35,18,28,42,0.341524,0.242788,0.101723,0.030302,0.084652,0.020714,0.006176,0.582715,0.474276,0.449537,0.000584,0.000505,0.000402,0.000356,0.000391,0.000348,0.000342,0.001038,0.000883,0.000849,585.278949,480.443514,252.811422,85.234361,216.298526,59.469481,18.033947,561.233072,537.348679,529.219718,2447618.663,2120.526724,2140.146752,2066.118079,2140.646752,2030.381921,2.867845,-67.686849,835920.1955,956.46149,1231.01399,679.050118,6284.128418,873.971617,523.007457,2686,12.97742,12.981835,13.060652,12.903019,321.46406,0.997055,2273.593886,1860.365148,2274.093886,2236.134852,2.870442,-67.708893,594252.9176,1124.643541,528.392238,4630.035156,621.303548,521.544641,13.026554,12.902573,12.901569,12.903577,314.906479,0.997727,2207.097922,2318.1249,2207.597922,1778.3751,2.869043,-67.659467,248978.9739,960.927678,259.102719,2241.040771,260.312596,519.715631,13.194828,12.962102,13.092966,12.831237,327.924837,0.997856,2196.372467,2199.332442,2196.872467,1897.167558,2.868874,-67.67234,74166.77879,867.775488,85.467704,1083.241211,77.54288,521.293153,12.976114,13.489072,13.559862,13.418283,346.120195,0.999859,2039.421744,1789.345274,2039.921744,2307.154726,2.866008,-67.716962,207195.5172,940.945155,220.199356,1982.651733,216.62714,519.504988,12.915575,12.955806,13.039132,12.87248,323.955035,0.998251,1741.658278,2111.583961,1742.158278,1984.916039,2.860261,-67.682539,50699.2592,851.393397,59.54857,922.052917,53.00711,517.270253,13.009668,12.899044,13.334003,12.464085,356.27487,0.995384,2486.844934,2068.473419,2487.344934,2028.026581,2.874432,-67.685999,15116.34057,838.113558,18.036148,679.752747,15.804442,522.338918,12.748764,12.170238,11.177537,13.162939,278.480231,0.971295,2196.435687,2775.34971,2196.935687,1321.15029,2.868708,-67.610006,901150.5504,1261.661557,714.256962,6702.089844,942.171284,524.919681,13.12852,13.066199,13.206813,12.925584,326.679455,0.997054,3057.557463,1842.39271,3058.057463,2254.10729,2.885358,-67.709352,787401.4731,1210.536081,650.456839,6071.97998,823.244303,520.519432,13.067253,13.010053,13.020483,12.999623,315.938221,0.997602,2390.11313,851.907274,2390.61313,3244.592726,2.872971,-67.817821,759066.6399,1199.769186,632.677225,6013.812012,793.619657,524.475965,12.769079,12.792887,12.855342,12.730433,320.901356,0.997721
23,coj1m011-fa12-20200604-0288-e91.fits,23,0,59005.32873,2459005.328731,2459005.329815,1.577739,44.98,14.559905,18.599445,1.35,18,28,42,0.341276,0.243924,0.100065,0.030324,0.084466,0.020528,0.006516,0.585497,0.471581,0.449818,0.000626,0.000549,0.000446,0.000405,0.000437,0.000397,0.000391,0.001114,0.000942,0.000913,544.799483,444.434022,224.356569,74.914054,193.425387,51.714837,16.649761,525.489746,500.44352,492.413623,2451548.034,2275.885442,2139.834641,2066.382826,2140.334641,2030.117174,2.867846,-67.686842,836653.9757,1086.800483,1324.815071,631.525104,5990.84668,769.832172,591.442418,2537,13.228475,13.650523,13.760393,13.540653,327.456855,0.99854,2273.284242,1860.681507,2273.784242,2235.818493,2.870443,-67.70888,597990.7184,1225.649144,487.897145,4594.893555,550.23045,588.38041,13.373533,13.646611,13.71315,13.580072,320.859804,0.997695,2206.852258,2318.407758,2207.352258,1778.092242,2.869046,-67.659459,245314.7925,1069.435247,229.387233,2260.42041,225.722013,587.979928,13.376441,13.634158,13.806398,13.461919,327.578511,0.996469,2196.059113,2199.494956,2196.559113,1897.005044,2.868876,-67.672345,74341.87823,989.959464,75.095881,1112.128662,68.404348,587.605587,13.230985,13.514108,13.880561,13.147655,334.407247,0.992525,2039.232539,1789.654045,2039.732539,2306.845955,2.866011,-67.71695,207071.39,1053.148454,196.621273,1931.208252,190.533031,586.111366,13.401326,13.554166,13.55766,13.550673,315.26895,0.996985,1741.525716,2111.704882,1742.025716,1984.795118,2.860266,-67.682547,50324.19115,971.987241,51.774539,939.778015,46.304903,584.00386,13.622333,13.484025,13.635002,13.333048,357.872715,0.999496,2485.541621,2068.472638,2486.041621,2028.027362,2.874414,-67.686023,15973.77978,959.285339,16.65175,751.749756,14.697987,588.465173,11.725621,14.444199,14.242667,14.645732,51.688066,0.985456,2196.187247,2775.561278,2196.687247,1320.938722,2.868711,-67.610006,905315.1984,1347.005815,672.094499,6536.534668,833.009566,591.162781,13.250596,13.688741,13.896325,13.481157,331.065633,0.99675,3057.27447,1842.652346,3057.77447,2253.847654,2.88536,-67.709347,785619.6263,1299.188755,604.700143,5935.712402,722.873829,588.79917,12.917842,13.579296,13.695646,13.462945,325.559753,0.997738,2389.860467,852.157961,2390.360467,3244.342039,2.872973,-67.817814,760613.2097,1295.121021,587.291224,5622.709961,699.864623,590.451366,13.090763,13.470504,13.585862,13.355145,329.663411,0.998777
24,coj1m011-fa12-20200604-0289-e91.fits,24,0,59005.32956,2459005.329564,2459005.330648,1.574008,44.975,14.451374,18.666521,1.35,18,28,42,0.340641,0.243313,0.101137,0.03016,0.084172,0.022113,0.006124,0.584094,0.473404,0.449225,0.000651,0.000575,0.000475,0.000436,0.000465,0.000427,0.000421,0.001159,0.000986,0.000952,522.861327,423.138812,212.87018,69.121521,181.117264,51.796547,14.528686,503.885855,480.195962,471.879281,2453864.819,2375.69855,2140.193583,2065.588958,2140.693583,2030.911042,2.867844,-67.686846,835887.4482,1094.653455,1378.721023,606.277437,5846.602539,763.609199,685.728147,2624,12.903706,13.573542,13.768755,13.37833,356.479447,0.99916,2273.672896,1859.869136,2274.172896,2236.630864,2.870442,-67.708886,597056.494,1287.184666,463.846804,4376.711914,545.429689,684.97648,13.059529,13.586738,13.7724,13.401075,348.460124,0.999118,2207.233838,2317.589703,2207.733838,1778.910297,2.869045,-67.659465,248177.5208,1140.835877,217.540074,2236.049561,226.717889,681.775039,13.122839,13.54316,13.761851,13.324468,350.964002,0.998847,2196.364818,2198.769048,2196.864818,1897.730952,2.868873,-67.672342,74008.14336,1068.295993,69.276815,1198.086914,67.608742,683.573833,12.595254,13.666508,13.654072,13.678943,307.764099,0.999947,2039.57478,1788.834749,2040.07478,2307.665251,2.86601,-67.716958,206546.3847,1122.732646,183.967559,1974.355469,188.686551,681.373957,12.914978,13.451867,13.687299,13.216435,347.070953,0.998488,1741.701258,2110.917928,1742.201258,1985.582072,2.860261,-67.682553,54262.53185,1046.291021,51.861796,1041.909546,49.570512,676.724435,13.275987,14.669719,15.076899,14.262539,4.223213,0.996855,2486.673527,2068.121226,2487.173527,2028.378774,2.874427,-67.685976,15026.948,1034.192754,14.530123,849.035522,13.727585,683.963616,12.763129,14.219613,13.264003,15.175224,87.002248,0.981899,2196.592437,2774.854508,2197.092437,1321.645492,2.86871,-67.61,904799.4442,1404.060583,644.416242,6212.447266,826.562452,687.455932,13.18343,13.65166,13.894125,13.409194,358.199599,0.998734,3057.627512,1841.881723,3058.127512,2254.618277,2.885358,-67.709344,788426.1,1358.020855,580.56995,5537.325684,720.25178,685.155204,13.016678,13.586157,13.681916,13.490397,350.273022,0.999777,2390.210136,851.37066,2390.710136,3245.12934,2.872972,-67.817818,760639.2747,1352.160064,562.536415,5382.105957,694.867651,688.172029,13.118302,13.486876,13.709209,13.264544,8.082781,0.998822
25,coj1m011-fa12-20200604-0290-e91.fits,25,0,59005.3304,2459005.330403,2459005.331487,1.570285,44.972,14.244249,18.43313,1.35,18,28,42,0.342345,0.24486,0.101392,0.030399,0.083463,0.020618,0.00656,0.585403,0.473904,0.447649,0.00068,0.000604,0.000505,0.000465,0.000496,0.000459,0.000453,0.001211,0.001031,0.000991,503.193099,405.659752,200.752904,65.427013,168.348006,44.937507,14.466969,483.518083,459.734822,451.799447,2455873.32,2480.92217,2139.823469,2066.394933,2140.323469,2030.105067,2.867845,-67.686852,840757.0393,1067.451198,1438.872224,584.316679,6481.174805,787.630424,818.722818,2643,12.719455,13.425451,13.631472,13.21943,333.601357,0.997425,2273.26002,1860.679095,2273.76002,2235.820905,2.870442,-67.708892,601344.4475,1352.198083,444.71624,4696.225098,563.34608,817.686502,12.968895,13.473258,13.609767,13.336748,326.508291,0.997315,2206.850508,2318.412794,2207.350508,1778.087206,2.869045,-67.65947,249004.9954,1214.581142,205.013059,2506.766846,233.270613,815.831692,12.721366,13.497298,13.755834,13.238763,349.946586,0.998337,2196.06139,2199.682008,2196.56139,1896.817992,2.868875,-67.672336,74657.10082,1138.579469,65.570391,1334.876465,69.939592,816.840823,12.939958,13.725184,13.711322,13.739046,314.329516,0.99255,2039.200265,1789.595617,2039.700265,2306.904383,2.86601,-67.716968,204973.4189,1199.821379,170.836612,2203.297119,192.021349,816.058918,12.728938,13.074438,13.135762,13.013115,324.823352,0.999222,1741.109209,2111.737077,1741.609209,1984.762923,2.860257,-67.682555,50636.39544,1125.656423,44.983882,1172.80603,47.436731,811.401346,13.001922,13.307147,13.426089,13.188205,340.353102,0.999467,2486.650877,2068.629586,2487.150877,2027.870414,2.874434,-67.686016,16110.67882,1113.499174,14.468514,982.623657,15.092661,819.360553,12.362584,15.158729,14.685283,15.632175,59.83207,0.984101,2196.184633,2775.599316,2196.684633,1320.900684,2.86871,-67.610013,906819.8539,1463.623417,619.57184,6762.10791,849.518794,821.113249,13.035327,13.491979,13.686301,13.297657,330.818332,0.996985,3057.263823,1842.704537,3057.763823,2253.795463,2.885359,-67.709354,789636.8845,1421.932619,555.326514,6077.835938,739.740502,818.675225,12.603459,13.397069,13.542302,13.251835,328.636419,0.997762,2389.80256,852.198371,2390.30256,3244.301629,2.87297,-67.817822,759416.5812,1410.988637,538.215944,5844.906738,711.42979,821.680411,12.909208,13.249107,13.357569,13.140645,330.378689,0.998975
26,coj1m011-fa12-20200604-0291-e91.fits,26,0,59005.33124,2459005.331236,2459005.332320,1.566621,44.976,14.158731,18.106687,1.35,18,28,42,0.344215,0.244761,0.101528,0.030682,0.084931,0.019785,0.006307,0.586527,0.473051,0.447536,0.000716,0.000636,0.000538,0.000505,0.000529,0.000496,0.000491,0.001272,0.001082,0.001043,480.782379,384.668229,188.615572,60.759532,160.620124,39.921429,12.852233,461.017446,437.022665,429.276919,2447461.646,2597.87286,2139.992762,2065.51471,2140.492762,2030.98529,2.867842,-67.686865,842453.4198,1029.977776,1506.902749,559.062899,6992.716309,817.93359,996.185516,2599,12.821521,13.461576,13.499881,13.423272,324.212971,0.999676,2273.507604,1859.79691,2274.007604,2236.70309,2.87044,-67.708904,599043.761,1421.571862,421.395342,5258.064453,581.608434,995.870174,12.591764,13.475977,13.490716,13.461237,316.923092,0.998936,2207.042239,2317.539818,2207.542239,1778.960182,2.869043,-67.659482,248486.6282,1290.750622,192.513274,2744.212158,241.254359,994.014434,12.80329,13.658793,13.651809,13.665778,313.44404,0.999645,2196.279887,2198.670222,2196.779887,1897.829778,2.868873,-67.672363,75093.53444,1233.340616,60.88629,1571.521729,72.907917,995.262166,12.726985,13.628608,13.935985,13.32123,343.446615,0.997103,2039.37807,1788.745941,2039.87807,2307.754059,2.866007,-67.716977,207866.4881,1275.202331,163.006672,2544.996826,201.816479,992.969374,12.797341,13.336741,13.3741,13.299382,326.828117,0.999805,1741.67059,2110.776191,1742.17059,1985.723809,2.860262,-67.682576,48424.20962,1211.898352,39.957319,1392.477783,47.01481,990.903249,13.321371,12.411199,12.736328,12.08607,18.894934,0.995611,2486.343139,2067.524728,2486.843139,2028.975272,2.874423,-67.686053,15435.42144,1200.879649,12.853429,1176.903809,14.986169,997.1722,12.181242,13.947213,13.259277,14.635149,308.105836,0.829513,2196.436871,2774.764083,2196.936871,1321.735917,2.868709,-67.610021,904807.8105,1527.306973,592.420402,7308.591309,878.473139,998.736076,12.720647,13.523486,13.591739,13.455233,326.663988,0.99935,3057.532107,1841.794953,3058.032107,2254.705047,2.885358,-67.709368,785970.2697,1490.400456,527.355092,6488.670898,763.094397,997.182637,12.589594,13.406962,13.384143,13.429782,310.40626,0.999545,2390.111154,851.302407,2390.611154,3245.197593,2.872971,-67.817835,756683.5657,1481.547598,510.738613,6273.721191,734.66009,1000.016676,12.789303,13.217736,13.199628,13.235845,86.500556,0.999992