TIC_ID,TOI,Priority,Dispo,P (days),dP,Epoch,Dur,RA (J2000),DEC (J2000),Tmag,Depth,R_E,dRe,R_s,dR_s,T_eff,logg,Met,M_s,D (pc),Sect,Rp/R*,a/R*,b,Insol,AB,T_eq,Notes,M_p,dM_p,LCO_rms,rms_err,Data
#141227133,617.01,3,NEB,2.4223200,0.000220,1518.700040,2.9,129.315412,-47.3835490,10.2,5697,9.00,,0.131,,2838,4.8,0,0.131,6149.76,8,0.6303,29.45,0.00,3.1,0.5,311,,,,-,-,FALSE
#47484268,226.01,5,NEB,-,,-,-,-,-,-,-,-,,0.334,,3396,4.8,0,0.334,,2,,,0.00,-,,,,,,-,-,FALSE
#108645766,497.01,5,NEB,-,,-,-,-,-,-,-,-,,0.302,,3333,4.8,0,0.302,,7,,,0.00,-,,,,,,-,-,FALSE
#438490744,529.01,5,NEB,-,,-,-,-,-,-,-,-,,0.172,,3021,4.8,0,0.172,,6,,,0.00,-,,,,,,-,-,FALSE
#431999925,513.01,5,NEB,-,,-,-,-,-,-,-,-,,0.269,,3266,4.8,0,0.269,,7,,,0.00,-,,,,,,-,-,FALSE
#431148743,1495.01,1,NEB,2.6286400,0.000240,1738.939540,2.9,334.981359,53.6625080,8.7,635,,,,,3294,4.8,0,,,,,,,,,,,,,,,FALSE
#1133072,566.01,5,NEB,-,,-,-,-,-,-,-,-,,0.325,,3380,4.8,0,0.325,,,,,,,,,,,,-,-,FALSE
#53593457,543.01,5,NEB,-,,-,-,-,-,-,-,-,,0.193,,3085,5.0,0,0.193,,,,,,,,,,,,-,-,FALSE
#82362447,639.01,5,NEB,-,,-,-,,-,-,-,-,,1.300,,3601,5.0,0,1.300,,,,,,,,,,,,-,-,FALSE
#432008938,643.01,5,NEB,9.6534560,,1522.349321,4.0,120.693500,-23.6959000,13.7,43089,7.28,,0.315,,3359,5.0,0,0.315,,,,,,,,,,,,-,-,FALSE
#,1285.01,5,NEB,,,,,,,,,,,,,,5.0,0,,,,,,,,,,,,,,,FALSE
#,1289.01,5,NEB,,,,,,,,,,,,,,5.0,0,,,,,,,,,,,,,,,FALSE
#267561446,1284.01,1,NEB,1.2841420,0.000306,1711.809590,1.9,311.513252,56.8663390,12.5,1910,2.47,1.99,0.560,0.017,3855,5.0,0,0.560,110.25,,,,,,,,,,,,,FALSE
#119081096,716.01,5,NEB,0.8370700,0.000290,1518.109910,2.5,136.238500,-18.5025000,12.4,2746,2.99,,0.520,,3776,5.0,0,0.520,145.30,,,,,,,,,,,-,-,FALSE
#318746829,1540.01,1,NEB,5.2312100,0.003260,1769.397100,3.8,349.718637,56.0086130,10.4,3044,,,,,3593,5.0,0,,,,,,,,,,,,,,,FALSE
#11996814,2022.01,1,NEB,0.4488670,0.000030,1955.980306,1.8,31.170818,65.2892240,11.6,2583,3.17,0.83,0.627,0.018,3975,5.0,0,0.627,,24,,3.37,,,,,,,,,,FALSE
#441738827,2084.02,1,NEB,8.1488260,0.000215,1745.404528,1.6,259.253846,72.7468650,13.3,3313,2.71,1.40,0.467,0.014,3630,5.0,0,0.467,,"16,19,20,21,22,23",,28.34,0.00,9.0,0.3,441,,,,,,FALSE
#409459226,973.01,3,NEB,1.2799700,0.000410,1491.828390,2.4,109.950318,-11.9426880,10.4,790,,,,,2889,5.0,0,,4153.03,7,,,0.00,,0.3,,,,,,,FALSE
#51024887,1632.01,1,NEB,8.2491870,0.003200,1797.344998,5.0,42.154146,62.1897090,15.0,117724,8.05,35.75,0.165,0.005,2990,5.0,0,0.165,41.53,18,0.4473,57.14,0.00,1.0,0.3,256,,,,,,FALSE
#237751146,538.01,1,NEB,1.6692200,0.000425,1469.915423,2.7,104.331700,4.0290000,14.1,26095,5.98,1.00,0.434,0.014,3352,4.8,0,0.429,133.21,6,0.1266,10.35,0.74,48.9,0.3,674,,-,-,-,-,FALSE
#302895996,531.01,5,NEB,-,,-,-,-,-,13.6,-,-,,0.368,,3462,4.8,0,,,6,-,-,0.00,-,,,,,,0.0014366,0.0003212,TRUE
#44745077,436.01,5,NEB,-,,-,-,-,-,13.0,-,-,,0.381,,3487,4.8,0,,,5,-,-,0.00,-,,,,,,0.0015638,0.0002681,TRUE
#146463781,636.01,5,NEB,-,,-,-,-,-,14.9,-,-,,0.275,,3278,4.8,0,,,8,-,-,0.00,-,,,,,,0.0029571,0.0005588,TRUE
#398733009,464.01,1,EB,0.8186050,0.000010,1411.561846,0.9,32.169760,-9.0460480,15.7,54404,4.47,1.00,0.180,0.050,8964,5.6,0,0.180,2600.00,4,0.2278,11.56,0.00,2003.7,0.3,1705,,,,-,-,FALSE
#133654092,975.01,3,EB,1.9735300,0.000650,1493.127100,2.2,121.185133,-41.5598250,10.4,1010,,,,,2828,5.0,0,,4947.72,7,#DIV/0!,#DIV/0!,0.00,,0.3,,,,,,,FALSE
#133654092,975.01,1,EB,1.9735300,0.000650,1493.127100,2.2,121.185133,-41.5598250,10.4,867,,,,,2828,5.0,0,,4947.72,,#DIV/0!,#DIV/0!,0.00,,0.3,,,,,,,FALSE
#271722899,920.01,3,EB,19.2998000,0.000760,1335.234110,3.2,110.312389,-73.4532620,11.0,1865,,,,,3818,5.0,0,,3540.18,4,#DIV/0!,#DIV/0!,0.00,,0.3,,,,,,,FALSE
#271722899,920.01,1,EB,9.6499000,0.000380,1335.234110,3.2,110.312389,-73.4532620,11.0,1865,,,,,3818,5.0,0,,3540.18,4,#DIV/0!,#DIV/0!,0.00,,0.3,,,,,,,FALSE
#32830028,549.01,5,EB,0.5162780,0.000380,1468.344415,0.6,86.752200,-24.8422000,14.3,20289,2.44,,0.169,,3009,5.0,0,0.169,,6,0.1325,8.87,0.00,43.2,,,,,,-,-,FALSE
#327017634,1202.01,5,EB,,,,,,,,,,,,,,5.0,0,,,,#DIV/0!,#DIV/0!,,,,,,,,,,FALSE
#420112587,1760.01,1,NPC,11.0626660,0.000490,1691.531496,2.1,290.173872,73.1963460,12.5,4958,2.64,4.09,0.255,0.008,3212,4.9,0,0.255,,"14,15,16,17,19",0.0953,52.06,0.00,1.6,0.3,288,,,,,,FALSE
#403693875,528.01,5,NPC,3.5244650,,1469.705671,3.1,105.006200,11.0435000,13.3,21823,9.05,,0.613,,3965,4.7,0,0.613,,6,0.1354,13.52,0.00,56.1,,,,,,-,-,FALSE
#427654774,1474.01,1,NPC,5.2239240,0.001436,1765.042474,4.0,349.287339,70.1900210,14.1,22109,4.13,0.31,0.276,0.008,3453,5.0,0,0.276,,17,0.1373,29.91,,6.6,,,,,,,,FALSE
#348755723,633.01,5,NPC,-,,-,-,-,-,13.9,-,-,,0.567,,3267,4.8,0,,,8,-,-,0.00,-,,,,,,,,TRUE
#365639282,482.01,1,NPC,10.8717000,0.005940,1472.412790,2.9,81.398600,8.4409000,13.1,14603,9.10,1.00,0.488,0.050,3692,5.0,0,0.488,173.80,6,0.1711,33.34,0.00,6.9,0.3,414,,,,-,-,FALSE
#43064903,1276.01,5,FA,6.2642980,0.002524,1712.548761,2.4,302.667462,40.6689980,12.5,9098,2.34,0.28,0.211,0.006,3145,5.0,0,0.211,24.52,15,0.1015,40.35,0.00,2.5,0.3,320,,,,,,FALSE
#387527558,1646.01,1,FA,3.6239090,0.002748,1794.103356,2.7,312.326644,70.7963540,13.0,26980,6.93,0.47,0.414,0.012,3514,5.0,0,0.414,,19,0.1536,17.88,0.00,19.8,0.3,537,,,,,,FALSE
#165551882,1633.01,1,FA,12.1582800,0.005805,1798.104217,2.1,266.766256,57.2247610,12.5,3431,1.92,1.06,0.323,0.010,3429,5.0,0,0.323,,18,0.0544,47.28,0.00,2.6,0.3,323,Try to observe again June 4,,,,,TRUE
259962054,203.01,1,FA,51.9532340,0.010389,1327.729066,6.3,43.018800,-67.6876000,12.2,2534,1.22,1.00,0.241,0.050,3203,5.0,0,0.241,24.80,"2,3,4,6,8",0.0465,151.41,0.00,0.2,0.3,168,"oooeeee, but followup light curves didn't look promising",,,-,-,FALSE
#32497972,876.01,1,FA,38.7017700,0.005052,1448.181557,2.4,84.108800,-24.2439000,11.5,2676,3.15,1.90,0.609,0.086,3955,4.7,0,0.609,103.20,6,0.0474,67.07,0.00,2.3,0.3,312,ooee,,,-,-,FALSE
#318937509,516.01,2,SB2,1.0486300,0.000073,1492.649974,1.1,112.381500,2.8481000,14.2,34645,4.18,,0.202,,3109,5.1,0,0.202,149.20,7,0.1900,12.63,0.00,24.3,0.3,566,,,,-,-,FALSE
#70797900,224.01,5,SB2,31.5799000,0.000020,1176.364160,1.9,1.977400,-29.9790000,11.0,100000,14.00,2.00,0.487,0.074,3689,4.8,0,0.487,64.77,2,0.2637,67.98,0.72,1.7,0.5,266,Crossfield AC Target,-,-,-,-,FALSE
#77951245,450.01,5,SB2,10.7147540,0.000131,1443.168000,2.0,79.000494,-31.4127040,12.4,57046,12.65,1.50,0.422,0.013,3160,4.8,0,0.416,53.51,6,0.2833,37.85,0.85,2.9,0.5,305,Elisabeth Newton is interested in this system,-,-,0.0007380,0.0001167,TRUE
#52280468,472.01,5,BEB,-,,-,-,-,-,-,-,-,,-,,3294,4.8,0,-,,6,-,-,0.00,-,,,,,,-,-,FALSE
#81212286,1724.11,1,BEB,nan,nan,nan,nan,127.033289,56.4275620,12.5,2676,1.98,2.02,0.380,0.011,3541,5.0,0,0.380,58.32,20,0.0478,nan,0.00,nan,0.3,nan,,,,,,FALSE
#81212286,1724.01,5,BEB,0.6847760,0.000099,1843.027821,1.1,127.033289,56.4275620,12.5,2676,1.98,2.02,0.380,0.011,3541,5.0,0,0.380,58.32,20,0.0478,6.24,0.00,167.7,0.3,917,,,,,,FALSE
13684720,1433.01,1,BEB?,12.4379450,0.000250,1695.012224,1.7,305.538023,36.0645720,12.5,128447,19.74,2.76,0.477,0.014,3275,5.0,0,0.475,67.96,"14, 15",0.3797,37.03,0.00,3.5,0.3,348,,,,,,FALSE
#5868998,749.01,3,BEB,0.6355400,0.000012,1569.933590,1.3,187.782200,-23.7735000,13.6,48322,15.18,2.10,0.442,0.069,3644,4.8,0,0.527,232.10,10,0.3146,3.42,0.93,626.3,0.5,1172,,-,-,0.0016818,0.0002884,TRUE
#153077621,454.01,1,BEB/SB1?,18.0825380,0.000215,1414.220898,2.3,49.660200,-42.6424000,9.4,8669,3.36,1.00,0.296,0.070,3321,5.0,0,0.287,78.96,4,0.1042,65.32,0.91,1.2,0.3,266,Crossfield AC Target,-,-,-,-,TRUE
#275248683,717.01,5,PNEB,0.5307900,,1518.266170,1.2,147.970700,2.1164000,11.4,1113,2.00,,0.540,,3788,4.9,0,,,8,0.0340,4.16,0.00,492.8,,,,,,-,-,FALSE
#200593988,526.01,1,PNEB,7.6990870,0.003345,1470.849292,4.4,85.335400,11.1946000,12.3,8072,6.21,,0.450,,3617,4.8,0,,111.80,6,0.1267,27.96,0.00,9.1,0.5,407,,,,-,-,FALSE
#9804616,460.01,1,SEB2,0.5168290,0.000007,1411.065871,0.9,47.643100,-9.2768000,14.1,33191,6.60,,0.273,,3274,5.0,0,,211.00,4,0.2217,6.45,0.00,114.7,0.3,834,Crossfield AC Target,,,-,-,FALSE
#244161191,278.01,5,O,-,,-,-,-,-,-,-,-,,0.154,,2955,4.8,0,0.154,,3,-,-,0.00,-,,,,,,-,-,FALSE
#101955023,667.01,5,KP,,,,,,,,,,,,,,4.7,0,,,9,,,0.00,,,,GJ 1132b,,,-,-,FALSE
#192826603,551.01,5,KP,2.6474010,,1438.080870,1.1,82.714381,-36.6307970,13.9,21352,9.44,,0.570,,3916,4.7,0,,,5,0.1520,11.72,0.00,71.0,,,NGTS-1b,,,-,-,FALSE
#33521996,468.01,5,KP,3.3252850,,1469.311680,2.0,88.146797,-19.0316540,13.3,36142,10.98,,0.570,,3724,4.7,0,,,6,0.1768,13.65,0.00,42.8,,,HATS-6,,,-,-,FALSE
#92226327.01,256.01,5,KP,24.7369590,,1389.285282,2.0,11.247108,-15.2712940,11.2,4089,1.73,,0.232,,3182,4.7,0,,,3,0.0683,94.70,0.00,0.5,,,LHS-1140b,,,-,-,FALSE
#92226327.02,256.02,5,KP,3.7779310,,1389.293276,1.0,11.247108,-15.2712940,11.2,3335,1.28,,0.232,,3182,4.7,0,,,3,0.0507,27.06,0.00,5.8,,,LHS-1140c,,,-,-,FALSE
#67646988,1779.01,5,KP,,,,,,,,,,,,,,4.7,0,,,,,,,,,,,,,,,FALSE
#,1796.01,5,KP,,,,,,,,,,,,,,4.7,0,,,,,,,,,,,,,,,FALSE
#441420236,2221.01,1,KP,,,,,,,,,,,,,,4.7,0,,,,,,,,,,Au Mic b,,,,,FALSE
413248763,562.01,5,P,3.9306228,0.000090,1517.999665,1.5,144.006800,-21.6608000,8.7,1164,1.17,0.07,0.337,0.050,3505,4.9,0,0.342,9.44,8,0.0317,21.81,0.41,13.1,0.3,531,"Gl 357b, second non-transiting planet in system, Luque et al 2019",1.63,0.30,0.0021485,0.0004214,FALSE
98796344,455.01,5,P,5.3587600,0.000120,1412.708786,1.4,45.464200,-16.5934000,8.6,2498,1.35,0.00,0.271,0.050,3340,5.0,0,0.260,6.90,4,0.0458,30.30,0.27,5.6,0.3,428,"LTT 1445 Ab, Winters et al 2019",2.2,2.0,-,-,FALSE
200322593,540.01,3,P,1.2391330,0.000018,1468.824507,0.5,76.310149,-47.9376290,11.5,2255,4.76,1.00,0.179,0.050,3042,4.4,0,0.179,14.00,6,0.2444,15.32,0.00,15.1,0.3,503,Ment et al (in prep),,,-,-,FALSE
120916706,263.01,5,P,0.5567370,0.000073,1386.172349,0.9,37.108272,-25.0973300,15.9,63679,5.22,1.00,0.205,0.050,3116,5.1,0,0.205,273.00,3,0.2338,8.20,0.00,58.2,0.3,704,Parviainen+ 2019,,,-,-,FALSE
234523599,127.01,5,P,3.7956100,0.000190,1325.650197,2.0,15.551099,-61.7560010,14.1,55371,23.75,1.00,0.500,0.050,3424,4.4,0,0.500,140.00,1,0.4358,16.27,0.00,21.5,0.5,505,"HATS-71b, Bakos 2019",,,-,-,FALSE
259377017,270.01,1,P,5.6605883,0.000068,1389.502678,1.7,68.415442,-51.9561690,10.4,3810,2.58,1.00,0.415,0.050,3551,4.8,0,0.415,22.50,3,0.0570,24.04,0.00,11.4,0.3,468,Guenther et al 2019 (masses - Van Eylen et al 2019),,,-,-,FALSE
259377017,270.02,1,P,11.3795440,0.000242,1389.678659,2.1,68.415442,-51.9561690,10.4,3206,2.36,1.00,0.415,0.050,3551,4.8,0,0.415,22.50,3,0.0522,38.30,0.00,4.5,0.3,371,Guenther et al 2019 (masses - Van Eylen et al 2019),,,-,-,FALSE
259377017,270.03,1,P,3.3601600,0.000121,1387.092173,1.4,68.415442,-51.9561690,10.4,1035,1.37,1.00,0.415,0.050,3551,4.8,0,0.415,22.50,3,0.0303,16.98,0.00,22.9,0.3,557,Guenther et al 2019 (masses - Van Eylen et al 2019),,,-,-,FALSE
36724087,732.01,4,P,0.7683894,0.000030,1543.911480,0.8,154.646400,-11.7167000,10.5,1253,1.13,1.00,0.300,0.050,3329,4.9,0,0.300,30.80,9,0.0347,7.88,0.00,81.9,0.3,767,"LTT-3780 Clouteier+ 2020, Palle+ 2020",,,-,-,FALSE
36724087,732.02,1,P,12.2520896,0.000500,1546.848329,1.4,154.646400,-11.7167000,10.5,3417,1.79,1.00,0.300,0.050,3329,4.9,0,0.300,30.80,9,0.0546,49.95,0.00,2.0,0.3,305,"LTT-3780 Clouteier+ 2020, Palle+ 2020",,,-,-,FALSE
260004324,704.01,5,P,3.8143300,0.000030,1327.418439,1.5,91.084800,-55.3130000,10.1,476,1.09,0.06,0.501,0.030,3625,4.8,0,0.502,29.87,5,0.0199,16.30,0.00,27.0,0.3,581,Gan et al 2020,,,-,-,FALSE
234994474,134.01,5,P,1.4015000,0.000180,1326.033176,1.3,350.031300,-60.0652000,9.2,566,1.39,0.09,0.600,0.022,3800,4.0,0,0.620,25.15,1,0.0213,7.41,0.00,157.3,,987,"GJ 4332b, Astudillo-Defru et al 2019",,,-,-,FALSE
34068865,731.01,1,P,0.3219210,0.000019,1543.492309,0.6,146.124300,-45.7765000,8.0,242,0.75,1.00,0.459,0.050,3518,4.8,0,0.459,9.40,9,0.0149,3.32,0.00,574.8,0.3,1248,"Gl 367b, Lam & Gandolfi 2019 (in prep)",,,-,-,FALSE
201186294,1634.01,1,P,0.9893400,0.000106,1791.515001,1.0,56.390169,37.1122220,11.0,1520,1.83,1.73,0.465,0.014,3455,5.0,0,0.465,35.27,18,0.0361,6.96,0.00,121.8,0.3,847,Cloutier+ 2021,,,,,FALSE
103633434,1235.01,1,P,3.4446500,0.000844,1683.620171,2.2,152.215862,69.2765460,9.9,804,2.14,0.19,0.630,0.019,3912,5.0,0,0.630,39.63,14,0.0312,13.08,0.00,56.8,0.3,700,"Bluhm+ 2020, Cloutier+ 2020",,,,,FALSE
243185500,1468.01,1,P,7.7662375,0.002694,1766.928147,1.8,16.654062,19.2258780,10.9,3430,2.33,0.27,0.369,0.011,3382,5.0,0,0.369,24.74,17,0.0580,32.09,0.00,5.3,0.3,386,Chaturvedi+ (in prep),,,,,FALSE
243185500,1468.02,1,P,1.8805280,0.001207,1765.678776,1.1,16.654062,19.2258780,10.9,1530,1.50,0.50,0.369,0.011,3382,5.0,0,0.369,24.74,17,0.0373,12.47,0.00,34.9,0.3,620,Chaturvedi+ (in prep),,,,,FALSE
370133522,1078.01,1,P,0.5182240,0.000025,1654.105559,0.7,306.925400,-56.4573000,10.3,848,1.13,1.07,0.383,0.017,3325,4.9,0,0.383,22.40,13,0.0272,5.15,0.00,191.0,0.3,947,GJ 1252b Shporer+ (in prep),,,,,FALSE
150428135,700.01,4,P,16.0510400,0.000225,1340.087963,1.2,97.096855,-65.5793060,10.9,2704,5.47,1.00,0.378,0.050,3482,4.4,0,0.378,31.10,"9,8,7,6,5,4,3,1",0.1327,51.26,0.00,2.3,0.3,315,Gilbert et al (in prep),,,-,-,FALSE
150428135,700.02,1,P,37.4248120,0.002622,1330.474463,3.3,97.096855,-65.5793060,10.9,721,2.69,1.00,0.378,0.050,3482,4.4,0,0.378,31.10,"9,8,7,6,5,4,3,1",0.0652,90.13,0.00,0.8,0.3,237,Gilbert et al (in prep),,,-,-,FALSE
150428135,700.03,1,P,9.9773858,0.000263,1331.359240,2.0,97.096855,-65.5793060,10.9,598,2.45,1.00,0.378,0.050,3482,4.4,0,0.378,31.10,"9,8,7,6,5,4,3,1",0.0595,37.34,0.00,4.4,0.3,369,Gilbert et al (in prep),,,,,FALSE
77156829,696.01,1,P,0.8602483,0.000015,1411.473809,0.5,68.177600,-39.7867000,10.5,641,1.07,1.00,0.361,0.050,3450,4.9,0,0.361,39.40,5,0.0272,7.51,0.00,104.1,0.3,814,Silverstein+ (in prep),,,-,-,FALSE
77156829,696.02,1,P,3.6942600,0.000500,1414.759370,1.4,68.177600,-39.7867000,10.5,1050,1.18,1.00,0.361,0.050,3450,4.9,0,0.361,39.40,5,0.0299,19.85,0.00,14.9,0.3,501,Silverstein+ (in prep),,,-,-,FALSE
467179528,1266.01,1,P,10.8947710,0.002376,1691.004583,2.1,197.998168,65.8338070,11.0,3189,2.49,0.66,0.436,0.013,3618,5.0,0,0.431,36.01,14,0.0524,36.01,0.00,5.5,0.3,390,Stefansson+ 2020,,,,,FALSE
467179528,1266.02,1,P,18.7954500,0.002552,1689.964649,1.9,197.998168,65.8338070,11.0,1444,1.67,1.68,0.436,0.013,3618,5.0,0,0.436,36.01,"14, 15",0.0353,51.80,0.00,2.6,0.3,325,Stefansson+ 2020,,,,,FALSE
390651552,1827.01,1,P,1.4669690,0.000052,1928.225191,1.0,191.985937,9.7513980,8.8,1600,1.33,0.51,0.331,0.010,3297,5.0,0,0.331,8.07,23,0.0369,11.35,0.00,38.0,0.3,633,Palle+ in prep,,,,,FALSE
218795833,519.01,5,P,1.2652230,0.000036,1491.877254,1.2,124.607000,-19.6629000,14.5,139604,9.50,1.00,0.251,0.050,3225,5.0,0,0.251,114.90,7,0.3471,12.38,0.00,29.3,0.3,593,WASP-124,,,-,-,FALSE
306996324,776.01,1,P,15.6647130,0.000090,1572.604521,2.8,178.576600,-37.5527000,9.7,1484,2.16,1.00,0.545,0.050,3806,4.7,0,0.545,39.40,10,0.0363,39.52,0.00,5.6,0.3,392,Luque+ 2020 (in prep),,,-,-,FALSE
306996324,776.02,1,P,8.2467710,0.000200,1571.415385,2.4,178.576600,-37.5527000,9.7,1063,1.79,1.00,0.545,0.050,3806,4.7,0,0.545,39.40,10,0.0301,25.76,0.00,13.1,0.3,485,Luque+ 2020 (in prep),,,-,-,FALSE
396562848,1640.01,1,P,1.9495130,0.000146,1792.604851,0.7,44.326080,76.5531250,11.1,2697,1.37,1.05,0.260,0.008,3414,5.0,0,0.260,18.23,18,0.0481,16.13,0.00,21.7,0.3,550,Palle+ (in prep),,,,,FALSE
172370679,1899.01,1,P,29.0200000,0.360000,1711.959310,4.9,299.426648,40.1432650,12.6,30464,11.32,0.44,0.618,0.018,3854,5.0,0,0.618,128.44,"14,15",0.1682,54.82,0.00,3.0,0.3,337,Canas+ 2020,,,,,FALSE
452866790,488.01,1,P,1.1980053,0.000192,1492.202188,1.1,120.595300,3.3388000,11.1,1051,1.16,1.00,0.347,0.050,3332,4.9,0,0.347,40.70,7,0.0307,9.62,0.00,55.2,0.3,695,Kemmer+ 2020 (submitted),,,-,-,FALSE
28900646,1685.01,1,P,0.6691497,0.000073,1816.225016,0.9,68.593730,43.0374140,11.1,998,1.47,2.62,0.462,0.014,3457,5.0,0,0.462,37.62,19,0.0291,5.39,0.00,204.0,0.3,963,,,,,,FALSE
307210830,175.01,5,P,3.6904000,0.000300,1367.275200,1.3,124.531900,-68.3130000,9.4,1830,1.35,0.07,0.314,0.001,3412,4.9,0,0.312,10.62,2,0.0394,21.77,0.00,11.9,0.3,473,"L 98-59c, Cloutier et al 2019",2.46,0.31,-,-,FALSE
307210830,175.02,5,P,7.4512000,0.000700,1362.737600,0.8,124.531900,-68.3130000,9.4,1640,1.57,0.14,0.314,0.001,3412,4.9,0,0.312,10.62,2,0.0459,34.78,0.85,4.6,0.3,374,"L 98-59d, Cloutier et al 2019",2.26,0.50,0.000318,0.0000678,TRUE
307210830,175.03,5,P,2.2531000,0.000400,1366.170800,1.0,124.531900,-68.3130000,9.4,571,0.80,0.05,0.314,0.001,3412,4.9,0,0.312,10.62,2,0.0234,15.67,0.67,22.9,0.3,558,"L 98-59b, Cloutier et al 2019",0.98,0.00,-,-,FALSE
410153553,136.01,5,P,0.4629279,0.000002,1325.725680,0.5,340.492100,-69.1690000,11.9,4681,1.32,0.02,0.189,0.006,3036,5.1,0,0.151,14.90,1,0.0640,7.11,0.22,69.8,0.3,805,"LHS 3844b, Vanderspek et al 2018",-,-,0.0008963,0.0001911,TRUE
181804752,736.01,5,P,4.9897770,0.000050,1546.508850,1.2,165.691500,-16.4062000,13.5,17848,2.31,0.25,0.171,0.018,2960,5.1,0,0.139,26.49,9,0.1238,34.48,0.28,2.7,0.3,370,"LP 791-18c, Crossfield et al 2019",-,-,0.0007272,0.0001818,TRUE
181804752,736.02,5,P,0.9479949,0.000006,1645.944380,0.6,165.691500,-16.4062000,13.5,4556,1.12,0.13,0.171,0.018,2960,5.1,0,0.139,26.49,9,0.0604,11.11,0.54,25.8,0.3,650,"LP 791-18b, Crossfield et al 2019",-,-,0.0007272,0.0001818,TRUE
181804752,736.31,5,P,2.7534330,0.000040,1772.162260,0.9,165.691500,-16.4062000,13.5,4000,1.00,0.13,0.171,0.018,2960,5.1,0,0.139,26.49,9,0.0500,24.00,0.30,5.5,0.3,650,"LP 791-18d, Peterson+ 2020",-,-,0.0007272,0.0001818,TRUE
305048087,237.01,5,P,5.4360980,0.000039,1355.249810,1.2,353.242700,-29.4151000,13.5,6531,1.44,0.12,0.211,0.006,3212,5.0,0,0.179,38.11,2,0.0581,34.00,0.30,3.8,0.3,356,LEHPM 5926b,-,-,0.0008824,0.0001667,TRUE
231702397,122.01,5,P,5.0780300,0.000015,1329.121000,1.2,332.947000,-58.9451000,13.0,5468,2.72,0.18,0.334,0.017,3403,5.0,0,0.312,62.12,1,0.0824,26.00,0.73,8.2,0.75,334,LEHPM 4431b,-,-,0.0005496,0.0000943,TRUE
70899085,442.01,1,P,4.0520300,0.000160,1438.385520,1.3,64.190002,-12.0840150,10.7,5530,4.65,0.17,0.610,0.020,3779,5.0,0,0.610,52.62,5,0.0699,14.88,0.00,38.2,0.3,634,,,,,,FALSE
348538431,507.01,4,VPC+,0.8994658,0.000016,1492.096537,1.2,121.629400,-15.7646000,13.2,56465,8.52,0.99,0.304,0.052,3338,4.9,0,0.298,108.00,7,0.2567,5.43,0.79,174.5,0.5,852,,-,-,0.0010103,0.0001559,TRUE
146846569,734.01,3,VPC+,4.7535710,0.000200,1545.448757,1.1,160.891400,-44.6224000,15.0,350734,10.63,1.29,0.201,0.006,2868,5.1,0,0.170,,9,0.5761,46.70,0.77,1.3,0.5,250,,-,-,0.0022966,0.0003631,TRUE
161032923,1080.01,1,VPC+,3.9652560,0.000675,1654.060034,1.0,276.370200,-52.2143000,12.7,4770,2.03,0.95,0.284,0.049,3296,5.0,0,0.284,25.56,13,0.0657,24.42,0.00,8.2,0.3,431,,-,-,-,-,TRUE
27649847,521.01,2,VPC+,1.5428290,0.000050,1492.752769,1.1,123.343800,12.2217000,12.4,2384,1.45,1.00,0.268,0.050,3439,5.0,0,0.268,93.10,7,0.0496,13.53,0.81,31.7,0.3,605,,,,-,-,FALSE
262530407,177.01,5,VPC+,2.8530470,0.000194,1356.153000,1.3,20.439100,-46.7144000,9.4,1590,2.18,0.40,0.516,0.050,3868,4.8,0,0.516,22.40,2,0.0387,13.17,0.54,53.5,0.3,689,,-,-,,,FALSE
389900760,2120.01,1,VPC+,5.7998097,0.001202,1987.219606,1.0,23.504133,65.514916,12.8,12118,4.28,21.50,0.240,0.007,3179,5.0,0,0.240,32.18,25,0.1633,35.18,0.00,3.4,0.3,347,,,,,,TRUE
32090583,218.01,5,VPC+,0.4383740,0.000010,1325.550345,0.8,58.420270,-68.7395320,13.6,2190,5.52,1.00,0.564,0.050,3847,4.4,0,0.564,52.20,1,0.0899,3.56,0.00,715.8,0.3,1318,,,,-,-,FALSE
158588995,674.01,5,VPC+,1.9772380,0.000044,1544.523796,1.0,164.587400,-36.8581000,11.8,14082,4.43,1.00,0.371,0.050,3467,4.9,0,0.371,45.97,9,0.1096,12.85,0.00,36.3,0.3,626,,,,-,-,FALSE
141608198,210.01,5,VPC+,9.0101380,0.000289,1329.821358,1.9,88.960448,-73.9846590,12.5,4415,7.05,1.00,0.602,0.050,3937,4.4,0,0.602,42.70,1,0.1075,25.58,0.00,15.2,0.5,463,,,,-,-,FALSE
54962195,663.02,5,VPC+,4.6957025,0.000100,1543.394099,1.8,160.066500,-8.5107000,11.7,2101,2.33,1.00,0.502,0.050,3719,5.0,0,0.502,92.70,9,0.0426,18.70,0.00,22.7,0.3,556,,,,-,-,FALSE
425934411,142.01,5,VPC+,0.8533190,0.001207,1325.489793,1.1,4.605790,-62.8478860,14.7,27850,21.80,1.00,0.700,0.050,3658,4.4,0,0.700,320.24,1,0.2857,4.81,0.00,321.5,0.3,1079,,,,-,-,FALSE
73649615,756.01,4,VPC+,1.2393800,0.000100,1570.645382,1.0,192.105100,-45.4706000,12.4,3400,2.63,1.00,0.448,0.050,3614,4.8,0,0.448,118.20,10,0.0539,8.30,0.00,102.7,0.3,811,,,,-,-,FALSE
219229644,870.01,4,VPC+,22.0375310,0.000300,1390.801328,2.2,63.318600,-50.9445000,10.9,1283,2.14,2.11,0.611,0.018,3782,4.7,0,0.597,53.80,5,0.0322,45.97,0.00,4.0,0.3,361,,,,-,-,FALSE
12423815,234.01,4,VPC+,2.8392490,0.000100,1356.088115,1.5,2.568707,-26.2824000,14.6,37162,20.67,1.00,0.540,0.050,3642,4.4,0,0.540,246.60,2,0.3512,12.73,0.00,45.0,0.5,607,,,,-,-,FALSE
29960110,1201.01,4,VPC+,2.4911150,0.000323,1411.672370,1.4,42.247000,-14.5376000,10.7,2485,3.04,2.13,0.607,0.103,3948,4.7,0,0.607,37.89,4,0.0459,10.80,1.00,86.5,0.3,777,Ian Crossfield AC Target,-,-,-,-,FALSE
44737596,552.01,3,VPC+,2.7886320,0.000089,1438.161305,1.8,60.949323,-25.4089140,13.8,25918,16.11,1.00,0.579,0.050,3654,4.4,0,0.579,193.10,5,0.2553,12.01,0.00,51.2,0.5,627,,,,-,-,FALSE
387690507,530.01,3,VPC+,6.3884880,0.001123,1470.200137,2.5,103.412800,12.8818000,13.4,27556,8.13,1.00,0.486,0.050,3688,4.8,0,0.486,204.40,6,0.1534,23.46,0.00,13.9,0.5,453,,,,-,-,FALSE
151825527,672.01,3,VPC+,3.6336180,0.001207,1546.479924,1.8,167.990400,-39.3278000,11.6,9034,5.03,1.00,0.525,0.050,4105,4.8,0,0.525,66.90,9,0.0880,15.30,0.00,50.3,0.3,679,,,,-,-,FALSE
296739893,620.01,1,VPC+,5.0989540,0.000100,1518.006117,1.2,142.173300,-12.1655000,10.1,3394,2.73,1.00,0.458,0.050,3633,4.8,0,0.458,41.70,8,0.0547,21.00,0.00,16.4,0.3,513,,,,-,-,FALSE
35009898,654.01,1,VPC+,1.5275855,0.000050,1543.435847,1.2,164.724200,-5.5464000,12.2,2889,1.91,1.00,0.353,0.050,3433,4.9,0,0.353,81.60,9,0.0496,11.18,0.00,46.1,0.3,664,,,,-,-,FALSE
336128819,2136.01,1,VPC+,7.8518830,0.001571,2017.704899,1.6,281.176524,36.562368,11.7,4066,2.21,0.87,0.344,0.010,3384,5.0,0,0.344,33.36,26,0.0589,33.90,0.00,4.7,0.3,376,,,,,,FALSE
285048486,1728.01,1,VPC+,3.4915670,0.000141,1843.274889,1.9,120.610626,64.7969250,10.8,5520,4.70,0.36,0.633,0.019,3907,5.0,0,0.633,60.80,20,0.0681,13.15,0.00,55.9,0.3,697,,,,,,FALSE
441738827,2084.01,1,VPC+,6.0784351,0.000159,1741.073393,2.0,259.253846,72.7468650,13.3,2760,2.47,1.26,0.467,0.014,3630,5.0,0,0.467,114.55,"16,19,20,21,22,23",0.0485,23.31,0.00,13.3,0.3,486,,,,,,FALSE
422756130,1695.01,1,VPC+,3.1342887,0.000629,1816.598975,0.9,21.920719,72.2964410,11.0,1338,2.09,0.89,0.516,0.015,3575,5.0,0,0.516,45.13,19,0.0371,14.02,0.00,34.5,0.3,618,,,,,,FALSE
439456714,277.01,1,VPC+,3.9942440,0.001207,1389.029170,2.0,19.077200,-20.9522000,11.7,5784,4.32,1.00,0.517,0.050,4107,4.8,0,0.517,64.67,3,0.0767,16.46,0.00,43.6,0.3,655,Crossfield AC Target,,,-,-,FALSE
44647437,435.01,1,VPC+,3.3530230,0.001207,1411.843915,2.0,59.410460,-25.1899620,12.8,3743,6.05,1.00,0.618,0.050,3978,4.4,0,0.618,165.29,5,0.0899,13.00,0.00,61.4,0.3,713,,,,-,-,FALSE
54962195,663.01,1,VPC+,2.5989070,0.000050,1544.390641,1.6,160.066500,-8.5107000,11.7,1911,2.22,1.00,0.502,0.050,3719,5.0,0,0.502,92.70,9,0.0406,12.60,0.00,49.9,0.3,678,,,,-,-,FALSE
260298958,2205.01,1,VPC+,0.8891380,0.000073,2036.527508,1.2,94.3157,-56.509978,15.1,43667,14.60,0.82,0.650,0.021,3653,5.0,0,0.650,409.03,27,0.2061,5.19,0.42,274.2,0.3,1037,,,,,,FALSE
312862941,1638.01,1,VPC+,0.9150620,0.000079,1791.146368,0.8,15.321760,55.6979480,12.1,5492,8.64,21.64,0.701,0.021,3810,5.0,0,0.701,126.28,18,0.1130,5.03,0.00,345.5,0.3,1099,,,,,,FALSE
406941612,912.01,1,VPC+,4.6780900,0.000684,1628.403947,1.8,229.340400,-80.4729000,10.4,2039,2.22,0.37,0.427,0.013,3482,4.8,0,0.421,26.11,12,0.0478,20.79,0.00,14.1,0.3,494,,,,,,FALSE
233602827,1749.02,1,VPC+,9.0449350,0.000301,1688.773390,1.8,282.737771,64.4192000,12.3,1993,2.50,2.21,0.561,0.017,3959,5.0,0,0.561,99.56,"14,15,16,17,18,19",0.0409,26.87,0.00,14.1,0.3,494,,,,,,FALSE
415969908,233.01,1,VPC/BEB?,11.6700420,0.000300,1365.263100,2.0,343.709965,-18.9118580,11.3,2699,2.57,1.00,0.464,0.050,3644,4.8,0,0.464,71.70,2,0.0508,36.15,0.69,5.6,0.3,392,,,,-,-,FALSE
343628284,1448.01,1,VPC+,8.1123170,0.001414,1713.333728,2.3,316.324130,57.7713740,13.2,7361,3.79,0.43,0.382,0.011,3391,4.8,0,0.382,73.33,"15, 16",0.0911,32.32,0.00,5.2,0.3,386,,,,,,FALSE
38680052,2208.01,1,VPC+,0.6743340,0.000031,2036.4455500,0.9,65.5286950,-61.3687280,15.7,93891,10.73,0.74,0.322,0.011,3228,5.0,0,0.322,181.73,27,0.3057,6.90,0.00,94.7,0.3,795,,,,,,FALSE
284441182,1470.01,1,VPC+,2.5271110,0.000560,1766.468765,1.3,10.088709,61.2136260,11.5,1864,2.13,2.69,0.490,0.015,3624,5.0,0,0.490,51.95,,0.0399,12.57,0.00,45.3,0.3,661,,,,,,FALSE
296780789,573.01,1,VPC+,13.5773316,0.000232,1524.632662,1.7,142.347200,-14.5114000,12.5,143014,18.92,1.00,0.338,0.050,3404,4.9,0,0.338,90.00,8,0.5136,49.40,0.00,2.3,0.3,313,,,,-,-,FALSE
188589164,2013.01,1,VPC+,2.6162360,0.000392,1956.405771,1.3,239.578325,35.4067440,10.3,1066,1.07,1.53,0.326,0.010,3352,5.0,0,0.326,15.81,24,0.0301,16.89,0.00,18.3,0.3,527,oooeee,,,,,FALSE
243313296,2278.01,1,VPC+,1.4663470,0.000022,1684.675497,1.0,289.512718,56.236051,12.4,912,1.13,0.28,0.323,0.010,3412,5.0,0,0.323,43.58,"14,15,16,20,23,26",0.0320,11.55,0.00,42.1,0.3,649,,,,,,FALSE
236387002,2119.01,1,VPC+,7.2008400,0.000030,1958.678150,1.9,244.430023,26.304182,10.4,52370,11.33,0.41,0.500,0.010,3606,5.0,0,0.500,31.40,25,0.2079,24.93,0.00,11.3,0.3,467,,,,,,FALSE
439867639,2445.01,1,VPC+,0.3710950,0.000038,2144.571978,0.6,43.315909,0.05244,13.1,2361,1.53,0.36,0.272,0.008,3333,5.0,0,0.272,,31,0.0516,5.18,0.00,190.9,0.3,947,,,,,,FALSE
219698776,1243.01,1,VPC+,4.6637820,0.013343,1436.209357,14.8,92.133210,-59.5411140,11.4,2512,18.00,2.62,3.093,0.385,5723,5.0,0,3.093,399.02,"4,5,6,7,8,9,10,11,12",0.0534,5.54,0.00,1450.6,0.3,1573,,,,,,FALSE
348755728,1883.01,1,VPC+,4.5063300,0.000751,1517.809802,2.0,134.089110,-12.9306570,13.3,9565,5.00,5.00,0.490,0.150,3477,5.0,0,0.490,115.37,8,0.0936,18.49,0.00,17.7,0.3,523,,,,,,FALSE
429358906,782.01,1,VPC+,16.0479160,0.000200,1577.042852,1.7,183.921100,-18.9102000,12.2,4333,2.00,0.50,0.301,0.050,3331,5.0,0,0.301,66.30,10,0.0611,59.66,0.00,1.4,0.3,279,,,,-,-,FALSE
219860288,1743.01,1,VPC+,4.2661289,0.000084,1713.431202,0.7,257.746405,71.8713910,12.4,2478,1.60,1.93,0.320,0.009,3281,5.0,0,0.320,41.28,"15,16,17,18,19",0.0460,23.67,0.00,8.6,0.3,436,,,,,,FALSE
201177276,2379.01,1,VPC+,5.4694010,0.000383,2089.810386,1.9,358.091928,-53.043163,13.7,31666,11.42,0.57,0.639,0.019,3770,5.0,0,0.639,,29,0.1639,17.62,0.00,27.0,0.3,581,,,,,,
235683377,1442.01,1,VPC+,0.4090759,0.000011,1683.453010,0.7,287.290805,74.1722840,12.5,1271,1.11,1.42,0.309,0.009,3328,5.0,0,0.309,41.17,"14, 15, 16",0.0330,5.08,0.00,197.1,0.3,955,,,,,,FALSE
8348911,2266.01,1,VPC+,2.3263180,0.000223,1957.9271670,1.0,245.2798000,31.5768780,13.5,4164,1.70,1.52,0.261,0.008,3244,5.0,0,0.261,51.60,"24, 25",0.0597,18.10,0.00,14.0,0.3,493,,,,,,FALSE
441739871,1763.01,1,VPC+,3.7979400,0.000097,1684.785022,1.1,259.564243,74.3028860,12.8,2051,2.29,0.99,0.473,0.014,3520,5.0,0,0.473,88.07,"14,15,16,17,18,19",0.0444,16.89,0.00,22.3,0.3,554,,,,,,FALSE
470381900,1696.01,1,VPC+?,2.5003240,0.000511,1816.697706,1.0,65.280563,48.8199140,14.0,11012,2.97,1.35,0.280,0.009,3181,5.0,0,0.280,64.92,19,0.0971,18.11,0.00,13.0,0.3,484,,,,,,FALSE
153078576,2407.01,1,VPC+?,2.7030890,0.000286,2116.62014,1.7,49.746477,-46.457602,12.5,4967,3.72,0.79,0.525,0.016,3596,5.0,0,0.525,,30,0.0650,12.56,0.00,43.9,,,,,,,,
299798795,1224.01,1,VPC+?,4.1782681,0.000021,1327.702808,1.7,37.193400,-80.8992000,11.5,2914,1.94,0.61,0.357,0.058,3442,4.9,0,0.357,37.33,"13,1",0.0499,21.71,0.00,12.4,0.3,478,,-,-,-,-,FALSE
141527579,698.01,1,VPC+?,15.0867510,0.007070,1328.944396,2.2,87.736100,-76.6203000,12.3,2005,1.96,1.00,0.425,0.050,3570,4.8,0,0.425,111.00,5,0.0423,45.49,0.00,3.3,0.3,342,,,,-,-,FALSE
55650590,206.01,5,VPC,0.7362320,0.000008,1325.542781,0.5,73.737190,-62.5223690,12.5,1537,4.24,1.00,0.367,0.050,3462,4.4,0,0.367,47.60,1,0.1059,6.69,0.00,133.0,0.3,866,,,,-,-,FALSE
369327947,910.01,4,VPC,2.0289570,0.000199,1626.205460,0.7,290.226100,-82.5545000,10.3,1085,0.93,1.26,0.279,0.009,3194,5.0,0,0.279,12.48,12,0.0307,15.81,0.00,17.3,0.3,520,,,,,,FALSE
170849515,555.01,3,VPC,1.9416360,0.000220,1438.148808,1.8,70.339800,-32.3203000,14.9,37132,10.83,1.00,0.559,0.050,3837,4.7,0,0.559,438.60,5,0.1778,9.66,0.00,96.4,0.5,734,,,,-,-,FALSE
144700903,532.01,3,VPC,2.3268110,0.000249,1470.576303,1.7,85.079900,11.5629000,12.7,8583,5.61,1.00,0.590,0.050,3946,4.7,0,0.590,175.10,6,0.0873,10.51,0.00,91.0,0.3,787,,,,-,-,FALSE
277634430,771.01,3,VPC,2.3260140,0.000050,1570.093460,1.2,164.113188,-72.9848480,12.1,3392,6.65,1.00,0.242,0.007,3231,4.4,0,0.212,25.28,10,0.2524,19.05,0.00,12.5,0.3,479,,,,-,-,FALSE
38460940,805.01,2,VPC,4.1177970,0.000060,1328.556583,1.4,61.133133,-62.9872250,13.2,2498,6.23,1.00,0.281,0.009,3376,4.4,0,0.255,51.88,8,0.2034,25.21,0.00,8.5,0.3,435,,,,-,-,FALSE
300710077,789.01,2,VPC,5.4469894,0.000121,1329.114696,1.6,115.268500,-71.3044000,11.9,928,1.15,1.00,0.373,0.050,3471,4.9,0,0.373,78.80,9,0.0283,25.16,0.00,9.5,0.3,448,,,,-,-,FALSE
219195044,714.01,2,VPC,4.3238992,0.000196,1412.838728,1.8,92.391749,-53.8234740,11.5,941,3.51,1.00,0.473,0.014,3782,4.4,0,0.471,53.85,8,0.0680,18.41,0.00,25.0,0.3,570,,,,-,-,FALSE
271971130,715.01,1,VPC,19.2879530,0.000516,1327.551446,2.1,113.851073,-73.5774690,13.5,4942,7.07,2.00,0.230,0.007,3187,5.0,0,0.199,42.40,9,0.2823,80.73,0.24,0.7,0.3,229,oooeeee,-,-,-,-,FALSE
396720998,709.01,1,VPC,32.3769350,0.001156,1392.818675,4.1,65.655287,-54.1471860,14.2,59616,3.92,1.00,0.147,0.111,4910,4.8,0,0.500,1350.00,5,0.2447,153.60,0.00,1.0,0.3,256,,-,-,-,-,FALSE
259168516,1680.01,1,VPC,4.8024450,0.000307,1687.264487,1.1,292.313381,65.9743670,13.3,5067,1.53,1.12,0.213,0.006,3231,5.0,0,0.213,37.22,"14,15,16",0.0658,33.56,0.00,4.0,0.3,361,,,,,,FALSE
104208182,1738.01,1,VPC,3.6985560,0.000410,1792.660607,1.4,54.501981,50.9554860,12.5,2875,3.59,3.65,0.669,0.020,3948,5.0,0,0.669,142.04,"18,19",0.0492,13.16,0.00,58.1,0.3,704,,,,,,FALSE
368287008,2015.01,1,VPC,3.3488946,0.000308,1956.033366,1.0,232.132925,27.3607980,12.8,9753,3.38,0.40,0.324,0.010,3223,5.0,0,0.324,47.34,24,0.0956,19.98,0.00,11.2,0.3,466,,,,,,FALSE
360156606,1227.01,1,VPC,27.3649923,0.001400,1617.478270,4.1,186.768030,-72.4517900,13.8,27234,16.52,1.60,0.500,0.050,3050,4.4,0,0.500,100.64,"12,11",0.3030,60.71,1.00,1.0,0.3,253,,-,-,-,-,FALSE
161223358,2415.01,1,VPC,0.5153671,0.000024,2062.02582,1.1,340.977013,-53.428355,14.9,40046,12.43,0.69,0.617,0.020,3558,5.0,0,0.617,,30,0.1847,3.73,0.00,476.7,0.3,1191,,,,,,FALSE
408636441,1759.01,1,VPC,18.8499779,0.002089,1745.467287,3.5,326.853293,62.7538610,9.9,2681,3.23,0.46,0.627,0.019,3960,4.9,0,0.627,40.07,"16,17",0.0473,40.72,0.00,6.2,0.3,401,,,,,,FALSE
364074068,1756.01,1,VPC,2.7829980,0.000263,1764.846661,1.8,306.329027,77.6361880,12.1,1080,2.14,0.31,0.563,0.017,3756,5.0,0,0.563,86.72,"17,18,19",0.0349,12.23,0.00,55.2,0.3,695,,,,,,FALSE
287139872,1752.01,1,VPC+,0.9351810,0.000017,1683.595243,0.8,253.462993,60.7090810,12.7,1203,1.84,2.98,0.527,0.016,3652,5.0,0,0.527,103.02,"14,15,16,17,18,19",0.0321,6.17,0.00,193.6,0.3,951,,,,,,FALSE
348673213,1639.01,1,VPC,0.9018240,0.000192,1791.468047,2.6,35.807158,56.5701640,13.0,3157,3.43,1.00,0.611,0.018,3896,5.0,0,0.611,153.99,18,0.0516,5.46,0.00,320.6,0.3,1078,,,,,,FALSE
271596225,797.01,1,VPC,1.8007670,0.000023,1326.819502,1.2,108.561700,-74.6025000,11.7,618,1.27,1.00,0.495,0.050,3704,5.0,0,0.495,91.20,9,0.0235,9.96,0.00,78.7,0.3,759,,,,-,-,FALSE
138762614,1802.01,1,VPC,16.7987040,0.005796,1904.154502,3.5,164.254988,24.8824260,11.1,1816,2.51,1.02,0.582,0.017,3859,5.0,0,0.582,60.69,22,0.0395,39.61,0.00,5.9,0.3,397,,,,,,FALSE
318022259,1730.01,1,VPC,6.2224650,0.001142,1844.381227,2.3,107.866429,48.3303890,10.4,1847,2.30,1.14,0.532,0.016,3691,5.0,0,0.532,35.69,20,0.0396,21.69,0.00,16.4,0.3,513,,,,,,FALSE
318022259,1730.02,1,VPC,2.1555270,0.000454,1844.579827,1.6,107.866429,48.3303890,10.4,697,1.44,2.04,0.532,0.016,3691,5.0,0,0.532,35.6917,20,0.0248,10.70,0.00,67.2,0.3,730,,,,,,FALSE
353475866,1693.01,1,VPC,1.7666710,0.000295,1817.683149,1.0,90.308465,34.7731670,10.7,1006,1.48,2.18,0.461,0.014,3474,5.0,0,0.461,30.79,19,0.0294,10.31,0.00,56.8,0.3,700,,,,,,FALSE
166648874,1806.01,1,VPC,15.1509400,0.006087,1909.546801,2.6,166.118963,30.4587500,12.6,5581,3.41,0.35,0.402,0.012,3272,5.0,0,0.402,55.52,22,0.0779,47.38,0.00,2.1,0.3,307,,,,,,FALSE
420112589,1452.01,1,VPC,11.0621900,0.000867,1691.523910,1.6,290.173858,73.1954260,12.3,3779,1.83,0.30,0.275,0.009,3248,5.0,0,0.249,30.52,"14, 15, 16",0.0610,49.40,0.00,1.9,0.3,299,ooee,,,,,FALSE
417931300,2068.01,1,VPC,7.7688700,0.000142,1683.423390,2.1,186.275286,60.4183720,11.2,1360,2.14,0.53,0.543,0.016,3700,5.0,0,0.543,52.93,"14,15,21,22",0.0362,24.83,0.00,12.6,0.3,480,,,,,,FALSE
224298134,2079.01,1,VPC,1.4923350,0.000020,1711.959330,1.2,185.339399,57.7524670,10.9,791,1.40,1.47,0.481,0.014,3577,5.0,0,0.481,37.07,"15,22",0.0266,8.96,0.00,84.5,0.3,773,,,,,,FALSE
118327550,244.01,1,VPC,7.3972290,0.000200,1357.365444,1.1,10.570615,-36.7181380,10.3,1012,3.40,1.00,0.562,0.050,3844,4.4,0,0.562,22.00,2,0.0555,23.47,0.00,16.4,0.3,513,,,,-,-,FALSE
163539739,1278.01,1,VPC,14.4762170,0.002193,1711.959772,1.6,320.478919,35.6488270,11.8,10350,9.28,19.49,0.550,0.016,3841,5.0,0,0.550,75.58,15,0.1547,37.25,0.00,6.5,0.3,407,,,,,,FALSE
271596225,797.02,1,VPC,4.1400000,0.000062,1327.412324,1.0,108.561700,-74.6025000,11.7,774,1.41,1.00,0.495,0.050,3704,5.0,0,0.495,91.20,9,0.0261,17.35,0.00,25.9,0.3,575,,,,-,-,FALSE
231728511,864.01,1,VPC,0.5206660,0.000016,1411.154172,0.6,81.444281,-51.3570330,11.5,639,2.53,3.79,0.399,0.012,3460,4.4,0,0.390,38.09,5,0.0583,5.03,0.00,234.7,0.3,998,,,,-,-,FALSE
229781583,1245.01,1,VPC,4.8204490,0.001172,1684.535200,1.8,283.535647,69.6333010,12.2,2239,2.50,2.07,0.525,0.015,3692,5.0,0,0.525,80.10,14,0.0437,18.48,0.00,22.6,0.3,556,,,,,,FALSE
261257684,904.01,1,VPC,18.3518950,0.005414,1630.350649,4.6,89.372435,-83.1301770,10.8,1695,2.62,0.95,0.641,0.067,3992,5.0,0,0.641,46.09,12,0.0376,39.41,0.00,6.8,0.3,411,,,,,,FALSE
212957629,2406.01,1,VPC,3.0766190,0.000380,2115.975346,1.2,8.805081,-3.370635,14.3,20285,2.82,0.41,0.197,0.006,3163,5.0,0,0.197,,30,0.1317,26.35,0.00,6.0,0.3,399,,,,,,
332477926,1754.01,1,VPC+,16.2155915,0.000740,1689.924201,3.4,265.594375,57.4478240,11.7,1611,2.40,0.87,0.593,0.018,3849,5.0,0,0.593,81.55,"14,15,16,17,18,19",0.0371,38.21,0.00,6.2,0.3,403,,,,,,FALSE
219175972,2441.01,1,VPC,12.8935510,0.005934,2147.579754,2.4,91.410535,-51.680167,12.8,4151,3.03,1.31,0.468,0.014,3478,5.0,0,0.468,,31,0.0595,38.43,0.00,4.1,0.3,363,oooeee,,,,,FALSE
100267480,2341.01,1,VPC,0.8773900,0.000060,1681.7514500,0.5,306.8431920,-53.2206070,12.7,12050,8.59,0.46,0.620,0.020,3495,5.0,0,0.620,,13,0.1271,5.31,0.00,219.6,0.3,981,,,,,,FALSE
219195044,714.02,1,VPC,10.1776510,0.000761,1419.110330,2.2,92.391749,-53.8234740,11.5,903,3.21,1.00,0.473,0.014,3782,4.4,0,0.473,53.85,8,0.0623,32.57,0.00,8.0,0.3,429,,,,-,-,FALSE
160328683,2496.01,1,VPC,1.5747790,0.0000730,2202.2894760,1.9139910,91.1961960,-32.5802400,14.1969000,76806.4473560,22.7322820,16.8610100,0.5799630,0.0180140,3273.0000000,5.0,0,0.580,,33,0.3596,8.20,0.00,70.8,0.3,739,,,,,,FALSE
119584412,1801.01,1,VPC,10.6439500,0.003353,1903.544154,2.8,175.576559,23.0268550,9.9,1547,2.17,0.85,0.546,0.016,3815,5.0,0,0.546,30.68,22,0.0365,30.52,0.00,9.4,0.3,447,oooeee,,,,,FALSE
272086159,176.01,5,VPC,16.1553730,0.000103,1363.043700,1.6,115.003400,-72.2077000,13.4,61534,7.90,1.39,0.274,0.047,3276,5.0,0,0.259,103.00,4,0.2640,76.74,0.79,0.8,0.5,222,,-,-,0.000999,0.0001824,TRUE
219189765,737.01,3,VPC,1.7320170,0.000144,1544.429149,1.6,171.015000,-19.5571000,14.8,58179,9.90,2.00,0.332,0.069,3394,4.9,0,0.333,250.47,9,0.2423,5.89,0.74,158.5,0.5,831,,-,-,0.0029077,0.0004197,TRUE
348755728,0.11,3,VPC,4.5062300,0.000869,1517.809802,2.0,134.089121,-12.9306480,13.3,12920,6.44,0.16,0.494,0.015,3477,4.7,0,0.492,115.37,8,0.1035,18.20,0.30,18.3,0.3,527,This system is in a co-moving binary with TOI 633.01,-,-,0.0008675,0.0001308,TRUE
178709444,762.01,3,VPC,3.4716350,0.000247,1572.678818,1.4,166.075700,-47.8214000,13.5,43087,6.12,0.23,0.318,0.059,3365,4.9,0,0.314,130.00,10,0.1763,18.12,0.72,16.2,0.3,511,,-,-,0.0010043,0.0001722,TRUE
220479565,269.01,3,VPC,3.6977110,0.000049,1411.429201,0.9,75.846109,-54.1771940,12.3,4963,2.90,0.17,0.342,0.021,3607,4.4,0,0.367,58.86,4,0.0590,28.27,0.26,8.8,0.3,439,,-,-,0.0003532,0.000079,TRUE
447061717,1231.01,1,VPC,24.2456500,0.001213,1563.888198,3.3,156.747800,-52.4694000,10.2,6453,3.28,0.67,0.406,0.081,3535,5.0,0,0.406,27.62,"10,9",0.0741,64.34,0.00,1.6,0.3,285,Jennifer Burt (in prep),-,-,-,-,TRUE
260708537,486.01,1,VPC,1.7445870,0.000071,1326.994371,1.2,98.458200,-58.5285000,9.3,192,0.61,1.00,0.427,0.050,3445,4.9,0,0.427,22.70,1,0.0130,10.76,0.42,50.4,0.3,679,Crossfield AC Target,,,-,-,FALSE
142748283,2096.02,1,VPC,6.3877680,0.000106,1687.539955,1.2,151.619127,74.8275340,13.5,6606,2.08,0.56,0.247,0.007,3285,5.0,0,0.247,48.48,"14,20,21",0.0770,36.80,0.00,3.6,0.3,350,oooeee,,,,,FALSE
142748283,2096.01,1,VPC,3.1190350,0.000063,1684.832891,1.3,151.619127,74.8275340,13.5,3201,1.47,0.70,0.247,0.007,3285,5.0,0,0.247,48.48,"14,20,21",0.0546,22.82,0.00,9.3,0.3,445,ooooeeee,,,,,FALSE
359357695,1880.01,1,VPC,1.7264000,0.000230,1600.171740,1.4,182.726848,-75.1318980,13.1,7210,4.00,2.00,0.400,0.050,3631,5.0,0,0.400,102.61,"11,12",0.0917,11.16,0.00,57.9,0.3,703,,,,,,FALSE
237920046,873.01,2,VPC?,5.9313480,0.000423,1326.217236,2.4,56.734300,-63.3373000,12.1,1091,1.80,1.85,0.540,0.079,3797,4.7,0,0.540,118.30,4,0.0306,20.81,0.00,19.9,0.3,538,,,,-,-,FALSE
153065527,406.01,1,VPC?,13.1756310,0.001285,1388.573000,2.2,49.262413,-42.2423290,11.2,2087,1.55,1.00,0.309,0.050,3349,4.9,0,0.309,31.10,4,0.0461,51.40,0.00,2.0,0.3,302,oooeee,,,-,-,FALSE
235678745,2095.02,1,VPC?,28.1754520,0.002258,1704.280175,4.4,285.633044,75.4186050,11.1,856,1.65,0.16,0.463,0.014,3746,5.0,0,0.463,41.92,14-23,0.0326,65.14,0.00,1.9,0.3,300,oooeee,,,,,FALSE
321669174,2081.01,1,VPC?,10.5045870,0.000439,1685.921675,2.6,264.303065,53.0257030,11.6,960,1.61,2.19,0.516,0.015,3742,5.0,0,0.516,62.34,"14,17,20,21",0.0286,31.42,0.00,8.2,0.3,432,,,,,,FALSE
198385543,1846.01,1,VPC,3.9274570,0.000936,1929.202175,1.5,257.955422,54.5269390,11.8,2108,1.90,1.99,0.411,0.012,3512,5.0,0,0.411,47.25,23,0.0423,18.95,0.00,17.6,0.3,522,,,,,,FALSE
441798995,2269.02,1,VPC?,2.8411470,0.000032,1684.775586,1.6,264.147791,77.126122,12.0,604,1.44,0.79,0.548,0.016,3872,4.8,0,0.548,82.19,14-26,0.0241,12.61,0.00,58.6,0.3,705,,,,,,FALSE
232650365,1746.01,1,VPC-,2.5252670,0.000056,1684.786413,0.9,281.767703,54.9103740,12.0,1425,1.56,3.37,0.410,0.015,3340,5.0,0,0.410,62.55,"14,15,16,19",0.0349,14.14,0.00,25.8,0.3,574,,,,,,FALSE
153951307,1238.01,1,VPC-,3.2937060,0.000888,1684.294646,1.9,201.382398,68.8362660,11.3,1313,2.64,0.29,0.623,0.018,3853,5.0,0,0.623,70.71,14,0.0389,12.78,0.00,56.0,0.3,697,,,,,,FALSE
89256802,457.01,1,VPC-,1.1759760,0.000030,1411.560890,1.0,58.724900,-26.4237000,13.8,15115,2.81,1.00,0.183,0.050,3054,5.1,0,0.183,120.60,4,0.1406,14.56,0.00,17.0,0.3,518,,,,-,-,FALSE
382602147,2384.01,1,VPC-,2.1356340,0.000089,2090.106023,1.9,36.156112,-64.999966,13.3,29331,11.71,0.41,0.667,0.020,3678,5.0,0,0.667,,29,0.1611,9.15,0.00,90.6,0.3,786,,,,,,FALSE
289164482,2274.01,1,VPC-,2.6797170,0.000019,1685.359104,0.9,277.459396,40.541033,10.4,923,2.05,1.69,0.631,0.019,3943,5.0,0,0.631,48.88,"14,26",0.0298,11.05,0.00,82.1,0.3,767,,,,,,FALSE
377293776,1450.01,1,VPC-?,2.0439230,0.000087,1685.344739,0.9,286.853477,59.0859330,10.0,462,1.03,2.63,0.474,0.014,3407,5.0,0,0.474,22.45,"14, 15, 16",0.0200,11.16,0.00,44.8,0.3,660,,,,,,FALSE
900715901,2072.01,1,VPC-?,3.1678960,0.000055,1685.156339,1.3,173.989737,75.5470050,11.6,3492,2.31,1.89,0.389,0.052,3546,5.0,0,0.389,39.12,"14,20,21",0.0546,17.05,0.00,22.6,0.3,555,,,,,,FALSE
153951307,1238.02,1,CPC-,0.7646010,0.000064,1684.102793,1.0,201.382398,68.8362660,11.3,413,1.28,3.47,0.623,0.018,3853,5.0,0,0.623,70.71,"14, 15",0.0188,4.83,0.00,392.4,0.3,1134,,,,,,FALSE
453260209,1215.01,1,CPC-,1.2126150,0.000048,1570.391508,0.9,146.879600,-77.2962000,9.6,253,0.88,0.99,0.518,0.077,3751,4.8,0,0.518,34.66,"12,11,10",0.0156,7.42,1.00,148.9,0.3,890,,-,-,-,-,FALSE
206609630,212.01,5,PPC,0.3352690,0.000001,1325.491317,0.7,22.550065,-59.5832450,12.3,18458,5.51,1.00,0.230,0.050,3165,5.0,0,0.230,122.00,1,0.2196,5.41,0.00,142.0,0.3,880,ooooeeee (atmospheric loss?),,,-,-,FALSE
12421862,198.01,1,PPC,20.4272650,0.003312,1356.375417,2.2,2.268200,-27.1221000,9.9,1208,1.56,1.00,0.444,0.050,3763,4.8,0,0.444,41.70,2,0.0323,54.07,0.00,2.8,0.3,331,oooeee,,,-,-,FALSE
321688498,2290.01,1,PPC,0.3862300,0.000008,1764.988741,0.9,321.599668,68.640356,11.1,601,1.49,1.01,0.566,0.017,3863,5.0,0,0.566,58.09,"17,18,24,25",0.0241,3.26,0.00,867.4,0.3,1383,,,,,,FALSE
235678745,2095.01,1,CPC,17.6646290,0.000520,1692.802457,2.7,285.633044,75.4186050,11.1,776,1.31,1.09,0.463,0.014,3746,5.0,0,0.463,41.92,14-23,0.0259,47.72,0.00,3.6,0.3,351,oooeee,,,,,FALSE
359271092,741.01,3,PC,7.5762620,0.000182,1544.087397,2.2,140.406700,-60.2820000,7.7,356,1.05,1.00,0.528,0.050,3766,4.8,0,0.528,40.30,9,0.0182,24.87,0.00,13.5,0.3,488,,,,-,-,FALSE
316937670,221.01,2,PC,0.6242500,0.000033,1325.342966,0.8,356.490400,-56.3447000,11.8,954,1.67,1.00,0.500,0.050,3900,4.8,0,0.500,101.40,1,0.0307,4.88,0.00,402.4,0.3,1142,,,,-,-,FALSE
55488511,557.01,1,PC,3.3454310,0.001591,1439.541685,1.0,59.017200,-10.2720000,11.6,1625,2.40,1.00,0.580,0.050,4081,4.7,0,0.580,75.96,5,0.0380,13.55,0.00,62.7,0.3,717,,,,-,-,FALSE
359496368,1178.01,1,PC,2.6659000,0.001960,1685.178550,3.5,279.099635,55.3919651,10.1,589,1.34,1.04,0.500,0.020,4043,4.7,0,0.500,36.72,14,0.0246,12.85,1.00,67.1,0.3,729,,-,-,-,-,FALSE
98796344,455.22,1,PC,3.1242678,0.000400,1421.952500,0.8,45.464200,-16.5934000,8.6,1000,1.00,0.50,0.271,0.050,3340,5.0,0,0.260,6.90,4,0.0458,30.30,0.27,5.6,0.3,392,LTT 1445 system,2.2,2.0,-,-,FALSE
405763009,2433.01,1,PC,nan,nan,1746.356236,2.9,299.439045,56.970593,12.0,3377,1.81,0.66,0.309,0.009,3323,5.0,0,0.309,,"14,15,16",0.0538,nan,0.00,nan,0.3,nan,,,,,,
29960109,393.01,1,PC,2.4922100,0.000610,1411.669420,1.6,42.249300,-14.5379000,10.7,1213,2.20,1.00,0.570,0.050,3823,4.7,0,0.570,67.10,4,0.0354,11.26,0.00,69.9,0.3,737,Crossfield AC Target,,,-,-,FALSE
374829238,785.01,1,PC,18.6408840,0.007591,1363.834447,32.1,88.337467,-65.6339530,11.5,692,3.31,1.00,0.561,0.017,3783,4.4,0,0.561,65.56,9,0.0541,43.51,0.00,4.5,0.3,371,,,,-,-,FALSE
210873792,900.01,1,PC,4.8440500,0.002784,1626.506628,4.6,245.905600,-31.3731000,12.0,1634,2.34,0.97,0.570,0.099,3861,4.7,0,0.570,121.04,12,0.0376,17.54,0.00,30.0,0.3,596,,,,,,FALSE
414870287,1499.01,1,PC,4.9589800,0.001070,1740.858900,1.8,336.872698,59.4338000,7.8,230,1.00,1.00,0.300,0.050,3295,5.0,0,0.300,2509.86,"16, 17",0.0306,27.33,0.00,6.5,0.3,408,,,,,,FALSE
240968774,1467.01,1,PC,5.9733840,0.001413,1766.983728,1.6,19.113929,49.2337800,10.6,1373,1.83,2.41,0.491,0.015,3834,5.0,0,0.491,37.44,17,0.0342,22.29,0.00,18.0,0.3,525,,,,,,FALSE
470987100,1732.01,1,PC,4.1213560,0.000813,1843.294736,2.0,111.801499,53.0450870,11.3,1546,2.54,1.55,0.633,0.019,3876,5.0,0,0.633,74.76,20,0.0368,14.69,0.00,43.4,0.3,654,,,,,,FALSE
274762761,1256.01,1,PC,1.0332440,0.000324,1683.947476,3.8,301.347533,38.2308080,13.6,26112,4.09,8.41,0.156,0.005,2972,5.0,0,0.156,,14,0.2401,14.84,0.00,14.7,0.3,499,,,,,,FALSE
233602827,1749.01,1,PC,4.4892350,0.000131,1685.935806,1.9,282.737771,64.4192000,12.3,1384,2.11,1.76,0.561,0.017,3959,5.0,0,0.561,99.56,"14,15,16,17,18,19",0.0344,16.84,0.00,35.9,0.3,624,,,,,,FALSE
198211976,2283.01,1,PC,0.4018590,0.000014,1683.724447,1.6,248.333818,63.524026,11.2,111,0.55,2.13,0.520,0.015,3621,5.0,0,0.520,49.76,14-26,0.0097,3.55,0.00,567.2,0.3,1244,,,,,,FALSE
236934937,2291.01,1,PC,9.4061930,0.000156,1717.240637,1.5,304.298914,65.871001,12.0,1545,1.92,1.51,0.476,0.014,3869,5.0,0,0.476,69.38,15-25,0.0371,30.80,0.00,9.8,0.3,451,,,,,,FALSE
71347873,2293.01,1,PC,6.0689470,0.000147,1847.823385,2.0,115.592796,70.404597,11.8,1680,2.06,1.79,0.499,0.015,3668,5.0,0,0.499,62.76,"20,26",0.0379,22.26,0.00,15.1,0.3,503,,,,,,FALSE
441798995,2269.01,1,PC,1.4206040,0.000024,1683.350647,1.6,264.147791,77.126122,12.0,448,1.20,1.36,0.548,0.016,3872,4.8,0,0.548,82.19,14-23,0.0200,7.94,0.00,147.8,0.3,889,,,,,,FALSE
441798995,2269.03,1,PC,10.4035780,0.000172,1686.446763,1.4,264.147791,77.126122,12.0,937,1.80,1.16,0.548,0.016,3872,4.8,0,0.548,82.19,14-26,0.0301,29.95,0.00,10.4,0.3,458,,,,,,FALSE
290348382,1113.01,1,PC,6.4404900,0.001150,1658.787150,1.9,328.705971,-77.3367543,9.7,7268,4.00,1.00,0.500,0.050,3744,5.0,0,0.500,23.89,13,0.0734,23.14,0.00,15.2,0.3,503,bright nearby star,-,-,-,-,FALSE
232635922,1745.01,1,PC,5.9855680,0.000170,1683.922079,1.6,281.137146,54.9501110,12.8,2722,2.29,0.88,0.424,0.013,3759,5.0,0,0.424,84.03,"14,15,16,18,19",0.0495,24.58,0.00,13.7,0.3,490,,,,,,FALSE
29959760,2444.01,1,PC,1.6473890,0.000124,2145.041127,1.3,42.263518,-16.559643,13.7,32326,15.74,21.55,0.594,0.018,3556,5.0,0,0.594,,31,0.2430,8.31,0.00,96.0,0.3,798,,,,,,FALSE
4294779,2451.01,1,PC,0.3438890,0.000045,2174.475148,1.0,81.312672,-0.770745,15.9,24850,8.56,1.90,0.540,0.024,3199,5.0,0,0.540,,31,0.1453,3.12,0.00,447.5,0.3,1172,,,,,,FALSE
230086768,1635.01,1,PC,8.8577830,0.000751,1797.127328,2.7,246.624600,66.1435780,13.3,102947,17.91,17.46,0.389,0.012,3496,5.0,0,0.389,89.67,18,0.4222,33.82,0.00,5.4,0.3,389,,,,,,FALSE
168751223,2331.01,1,PC,4.7151900,0.000730,1460.07339,2.1,62.671346,-32.992526,13.4,7310,4.98,0.32,0.570,0.020,3798,5.0,0,0.570,,5,0.0802,17.23,0.00,29.1,0.3,592,,,,,,FALSE
59128183,2453.01,1,PC,4.4413360,0.000804,2174.829009,1.3,74.837282,12.936448,12.4,3780,3.12,1.78,0.502,0.015,3609,5.0,0,0.502,,32,0.0569,18.00,0.00,21.7,0.3,550,,,,,,FALSE
434260570,2455.01,1,PC,4.7204570,0.000285,2177.194695,1.8,64.243752,14.771793,13.0,43271,11.60,0.95,0.490,0.015,3553,5.0,0,0.490,,32,0.2172,19.07,0.00,18.2,0.3,526,,,,,,FALSE
149788158,727.01,2,LEPC,4.7260900,0.002000,1517.945180,1.7,130.736800,-2.4981000,11.4,1650,2.31,1.00,0.520,0.050,3746,4.8,0,0.520,84.00,8,0.0407,18.34,0.00,24.3,0.3,566,,,,-,-,FALSE
125405602,821.01,2,LEPC,13.8300220,0.004073,1606.784642,1.4,209.614700,-23.2765000,11.2,2557,2.81,1.00,0.477,0.050,3669,4.8,0,0.477,70.50,11,0.0540,39.75,0.00,4.8,0.3,376,,,,,,FALSE
90504905,1234.01,1,LEPC,2.2765350,0.001060,1685.613152,3.8,290.572370,26.3195550,13.8,15020,5.19,0.58,0.411,0.012,3443,5.0,0,0.411,104.91,14,0.1158,13.17,0.00,33.6,0.3,614,,,,,,FALSE
2760710,227.01,5,STPC,15.6040000,0.010000,1364.102069,1.5,356.527700,-16.6912000,14.3,30400,2.43,1.00,0.241,0.007,3176,5.0,0,0.212,52.34,2,0.0926,67.91,0.00,0.9,0.3,249,oooeee,-,-,-,-,FALSE
220459976,285.01,5,STPC,32.3325280,0.001591,1361.663925,3.5,74.697149,-56.3940490,12.1,2426,3.03,1.00,0.660,0.050,3891,4.6,0,0.660,115.80,2,0.0421,56.39,0.00,3.0,0.3,335,,,,-,-,FALSE
459837008,2267.01,1,PC,3.4949590,0.000034,1816.154418,0.9,65.052172,84.901766,12.3,2427,1.21,1.11,0.243,0.008,3022,5.0,0,0.243,,"19,20,25,26",0.0456,24.92,0.00,5.6,0.3,392,,,,,,TRUE
322270620,1083.01,1,VPC,12.9803028,0.004661,1666.870040,2.0,296.829400,-87.3216000,12.1,3300,2.70,0.79,0.448,0.069,3614,4.8,0,0.448,68.91,13,0.0554,39.73,0.00,4.5,0.3,371,,,,,,TRUE
356016119,2094.01,1,VPC,18.7931800,0.000385,1691.330270,1.4,254.143230,70.0273160,12.3,1600,1.50,1.00,0.377,0.011,3566,4.8,0,0.361,50.02,"14,15,16,17,19,20,21,22,23",0.0365,56.80,0.90,2.1,0.3,306,oooeeee!,,,,,TRUE
166184426,1955.11,1,VPC,16.3121000,0.001250,1600.450920,2.0,206.104200,-40.3367000,10.7,2500,2.23,0.62,0.310,0.010,3625,5.0,0,0.310,22.47,11,0.0660,59.14,0.00,2.0,0.5,280,oooooooeeeeeeee,,,,,FALSE
166184426,1955.01,1,NPC,16.3121000,0.001250,1600.450920,2.0,206.104200,-40.3367000,10.7,2500,2.23,0.62,0.310,0.010,3625,5.0,0,0.310,22.47,11,0.0660,59.14,0.00,2.0,0.5,280,oooooooeeeeeeee,,,,,FALSE
198485881,2257.01,1,VPC,35.1893040,0.006641,1691.275171,3.6,194.740339,77.66158,13.0,5134,2.36,0.54,0.327,0.010,3446,4.8,0,0.327,57.79,"14,20,21,26",0.0661,95.29,0.00,0.6,0.3,228,ooooeee,,,,,FALSE
329148988,2285.01,1,VPC,27.2695220,0.000711,1747.183178,2.5,332.563088,58.706183,11.3,1696,1.90,1.49,0.460,0.014,3546,5.0,0,0.460,42.41,"16,17,24",0.0380,64.03,0.00,1.6,0.3,287,oooeee,,,,,FALSE
44313455,2142.01,1,PC,9.3017370,0.003174,2014.833131,2.2,267.04687,15.979651,11.1,1590,1.46,1.37,0.364,0.011,3472,5.0,0,0.364,27.75,26,0.0368,36.54,0.00,4.5,0.3,371,oooeee,,,,,FALSE
33091590,2495.01,1,PC,7.795385,0.003024,2208.384505,1.694157,104.826976,-4.828231,12.2285,2783.912923,1.893926,1.366295,0.352909,0.010682,3356.0000000,5.0,0,0.353,,33,0.0492,33.16,0.00,4.8,0.3,377,,,,,,FALSE
362249359,833.01,1,PC,1.0418926,0.000155,1597.253274,1.2,145.646900,-62.4763000,10.1,576,1.44,1.00,0.592,0.050,3965,4.7,0,0.592,54.40,11,0.0223,6.14,0.00,272.0,0.3,1035,,,,-,-,FALSE
#,,,,,,,,,,,,,,,,,,,,,,,,,,,,,,,,,
#Try next Q,,,,,,,,,,,,,,,,,,,,,,,,,,,,,,,,,
#Requested,,,,,,,,,,,,,,,,,,,,,,,,,,,,,,,,,
#Have Data,,,,,,,,,,,,,,,,,,,,,,,,,,,,,,,,,
#difficult/not interested,,,,,,,,,,,,,,,,,,,,,,,,,,,,,,,,,
#Retired,,,,,,,,,,,,,,,,,,,,,,,,,,,,,,,,,
#Not a planet,,,,,,,,,,,,,,,,,,,,,,,,,,,,,,,,,